:020000040800F2
:10000000607F0024AD020008B9CB0008A1B0000851
:10001000B1CB00087108000881060108000000004B
:1000200000000000000000000000000081DE000869
:10003000291300080000000091D3000859E60008C9
:10004000CB020008CB020008CB020008CB0200085C
:10005000CB020008CB02000831130008CB020008D5
:10006000CB020008CB020008CB0200087908000888
:100070008908000899080008CB020008CB02000894
:10008000CB020008CB020008CB020008CB0200081C
:10009000CB020008CB020008CB020008CB0200080C
:1000A000CB020008CB020008CB020008CB020008FC
:1000B000CB020008CB020008CB020008CB020008EC
:1000C000CB020008CB020008CB020008CB020008DC
:1000D000CB02000871060108CB020008CB02000821
:1000E00041130008CB02000800000000CB0200080A
:1000F000CB020008CB020008CB020008CB020008AC
:10010000CB020008CB020008CB020008CB0200089B
:10011000CB020008CB020008CB02000821EB00084C
:10012000CB020008CB020008CB020008CB0200087B
:10013000CB020008CB020008CB020008CB0200086B
:1001400000000000000000000000000000000000AF
:10015000CB020008CB020008CB020008CB0200084B
:10016000CB020008CB020008CB020008CB0200083B
:10017000CB020008CB020008CB020008CB0200082B
:10018000CB020008CB020008CB020008CB0200081B
:10019000CB020008CB020008CB020008CB0200080B
:1001A000CB020008CB020008CB020008CB020008FB
:1001B000CB020008CB020008CB020008CB020008EB
:1001C000CB020008CB020008CB020008CB020008DB
:1001D000CB020008CB020008CB020008CB020008CB
:1001E000CB020008CB020008CB020008CB020008BB
:1001F000CB020008CB020008CB020008CB020008AB
:10020000CB020008CB020008CB020008CB0200089A
:10021000CB020008CB020008CB020008CB0200088A
:10022000CB020008CB020008CB020008000000004F
:10023000CB020008CB02000800000000CB0200083F
:10024000CB020008CB020008CB020008CB0200085A
:10025000CB020008CB020008CB020008CB0200084A
:10026000CB020008CB020008CB020008CB0200083A
:10027000CB020008CB020008CB02000800000000FF
:10028000CB020008CB020008CB02000800000000EF
:1002900000000000CB020008DFF80CD000F05EFA8E
:1002A0000048004749110108607F00240748804743
:1002B0000748804707480047FEE7FEE7FEE7FEE7FE
:1002C000FEE7FEE7FEE7FEE7FEE7FEE76113000854
:1002D00069E70008990200082DE9F05F0546002053
:1002E00092469B4688460646814640241BE02846A7
:1002F00041464746224600F069F853465A46C01A1E
:10030000914110D311461846224600F050F82D1A9C
:1003100067EB01084F4622460120002100F047F814
:1003200017EB00094E41201EA4F10104DFDC484612
:1003300031462A464346BDE8F09F40EA01039B0749
:1003400003D009E008C9121F08C0042AFAD203E04A
:1003500011F8013B00F8013B521EF9D27047D2B2AE
:1003600001E000F8012B491EFBD270470022F6E79E
:1003700010B513460A4604461946FFF7F0FF20461B
:1003800010BD30B50B46014600202022012409E0B3
:1003900021FA02F59D4205D303FA02F5491B04FA3E
:1003A00002F52844151EA2F10102F1DC30BD202A1D
:1003B00004DB203A00FA02F1002070479140C2F1BC
:1003C000200320FA03F3194390407047202A04DBEE
:1003D000203A21FA02F00021704721FA02F3D040BE
:1003E000C2F1200291400843194670472DE9FE4FA3
:1003F000804681EA0300C00F0C46009021F00041C6
:1004000023F00045B8EB0200A94105D24046214641
:1004100090461C460B46024623F00040104347D04E
:10042000270DC7F30A00C3F30A510290401A019046
:1004300040286BDAC3F3130040F4801B0098924607
:1004400020B10023D2EB030A63EB0B0B0198594652
:10045000C0F140025046FFF7AAFF06460D4650463F
:100460005946019A00F092F910EB0800614100240E
:1004700087EA115284EAE7731A4340D0009A62B3C4
:10048000019A012A4FEA075215DC001B61EB0201B9
:100490004FF0004202EA0752CDE90042001C41F54C
:1004A000801132462B4600F092F903B0BDE8F08F80
:1004B00040462146F9E7001B61EB0201001C41F5B3
:1004C000801300185B412018A2F5001747EB0301C9
:1004D00040EAD570B6196D4111E06D084FEA360655
:1004E00045EAC0754FEA0752001B61EB0201001C90
:1004F00041F5801149084FEA300000195141324658
:100500002B4603B0BDE8F04F00F052B9009801222D
:1005100040000023D0EB020263EBE0730098214619
:100520004FEAE074B8EB000061EB0401E9E783F007
:1005300000435BE781F0004158E72DE9FE4F81EA77
:10054000030404F0004421F0004100944FF0000B3C
:1005500023F0004350EA01045ED052EA03045BD06A
:10056000C3F30A54C1F30A552C44A4F2F3340194A2
:10057000A0FB0254C1F3130141F48011C3F3130330
:1005800043F4801301FB024400FB034E840A970AE4
:1005900044EA815447EA8357A4FB076802958D0A11
:1005A00005FB07854FEA932C04FB0C542705029D9D
:1005B0004FEA065847EA1637B5EB08056EEB070C0D
:1005C000870E920E47EA811742EA8312A7FB0201C7
:1005D000B6EB0B0164EB00042B0D43EA0C335E1801
:1005E00044EB1C50DA465146E7FB0201C5F3130405
:1005F0004FEA0B3343EA14534FEA0432019C43EAB7
:100600000603A4F10C040294009CCDE900B400F0B0
:10061000DEF803B0BDE8F08F00200146F9E72DE9D0
:10062000F04D81EA030404F0004B21F0004514462C
:100630004FF0000A23F0004150EA050220D054EAAE
:1006400001021DD0C5F30A570246C5F31303C1F3D7
:100650001300C1F30A5640F4801543F48013A7EB4E
:100660000608101BD64608F2FD3873EB050002D3CE
:1006700008F1010801E092185B41B8F1000F03DABC
:1006800000200146BDE8F08D00204FF480110646A1
:1006900084460EE0171B73EB050705D3121B63EBB3
:1006A000050306434CEA010C49084FEA3000921852
:1006B0005B4150EA0107EDD152EA030012D082EA11
:1006C000040083EA0501084305D0101BAB4106D2A4
:1006D0000122002306E000224FF0004302E06FF009
:1006E000010253101AEB06004CEB085110EB0A0004
:1006F00041EB0B01BDE8F04D00F05AB8C1F30A52CE
:10070000C1F3130140F2FF3341F480119A4202DA3F
:1007100000200146704740F233439A42A2F233422E
:1007200002DC5242FFF752BEFFF741BE30B5041E55
:1007300071F1000404DB4FF00044404264EB01011E
:10074000141E73F1000405DB1C464FF000435242B7
:1007500063EB0403994208BF904230BD1CB50948C1
:100760000090094801900546009C06E0E06840F0D2
:10077000010394E8070098471034AC42F6D3FFF722
:100780008FFD0000C4560108E4560108202A06DB4C
:10079000CB17203A41FA02F043EAE07306E041FA4F
:1007A00002F3D040C2F1200291400843194670473D
:1007B00010B5141E73F1000408DA401C41F1000169
:1007C00092185B411A4301D120F0010010BD2DE9C0
:1007D000F04D92469B4611B1B1FA81F202E0B0FAB7
:1007E00080F220329046FFF7E2FD04460F4640EAD1
:1007F0000A0041EA0B0153465A46084313D01146FA
:1008000053EA010019D0C8F140025046FFF7DEFD5F
:1008100005460E46504659464246FFF7C8FD084376
:1008200005D0012004E020463946BDE8F08D0020C7
:10083000054346EAE0762C4337430A986305E40A09
:10084000A0EB08000022FD0A44EA47540A3002D512
:1008500000200146E9E7010510196941DDE9084575
:1008600000196941BDE8F04DA2E70000000000005A
:10087000FFE7FEE70000000080B540F28C00C2F206
:10088000004001F095FD80BD80B540F20410C2F239
:10089000004001F08DFD80BD80B540F27C10C2F2B9
:1008A000004001F085FD80BD83B002900298016890
:1008B00001201022C4F202029142009000F0A380B5
:1008C000FFE70298016801202822C4F20202914247
:1008D000009000F09880FFE7029801680120402214
:1008E000C4F202029142009000F08D80FFE702986E
:1008F000016801205822C4F202029142009000F0E7
:100900008280FFE70298016801207022C4F202028F
:100910009142009077D0FFE7029801680120882279
:10092000C4F20202914200906DD0FFE70298016884
:100930000120A022C4F202029142009063D0FFE79E
:10094000029801680120B822C4F20202914200908C
:1009500059D0FFE702980168012040F21042C4F22A
:100960000202914200904ED0FFE7029801680120F8
:1009700040F22842C4F202029142009043D0FFE7C5
:1009800002980168012040F24042C4F20202914202
:10099000009038D0FFE702980168012040F25842E9
:1009A000C4F20202914200902DD0FFE70298016844
:1009B000012040F27042C4F202029142009022D023
:1009C000FFE702980168012040F28842C4F2020267
:1009D0009142009017D0FFE702980168012040F291
:1009E000A042C4F20202914200900CD0FFE70298AC
:1009F00000684FF64831CBF6FD710844B0FA80F03C
:100A000040090090FFE70098C00740B3FFE7029855
:100A1000007810384AF6AB21CAF6AA21A0FB0110D3
:100A200000090190019800F0070145F24850C0F616
:100A30000100405C0299C8650198042807D3FFE7CC
:100A400002990868042262F30900886506E00299A9
:100A5000086840F2FF3290438865FFE705E002999D
:100A6000086820F0FF008865FFE70298806D03B0FA
:100A7000704700000000000084B0039003980068F5
:100A8000019003980168012045F20842C5F6020270
:100A9000914200904ED0FFE703980168012045F293
:100AA0001C42C5F602029142009043D0FFE7039832
:100AB0000168012045F23042C5F6020291420090E1
:100AC00038D0FFE703980168012045F24442C5F69B
:100AD0000202914200902DD0FFE7039801680120A7
:100AE00045F25842C5F602029142009022D0FFE73B
:100AF00003980168012045F26C42C5F6020291425A
:100B0000009017D0FFE703980168012045F280426A
:100B1000C5F60202914200900CD0FFE703980068EE
:100B20004AF66C31CAF2FD710844B0FA80F040090F
:100B30000090FFE70098C00710B3FFE70398007824
:100B400008384CF6CD41CCF6CC41A0FB0110000991
:100B50000290029945F60000C5F6020000EB810004
:100B600003990866039945F68000C5F602004866B9
:100B7000029800F01F01012088400399886635E043
:100B80000398007810384AF6AB21CAF6AA21A0FBD8
:100B9000011000090290019840F2B841C4F202012C
:100BA00088420CD8FFE7019840F21041C4F20201DC
:100BB000884204D3FFE7029808300290FFE70299C9
:100BC00040F60000C4F2020000EB810003990866C1
:100BD000039940F68000C4F202004866029800F0D3
:100BE0001F010120884003998866FFE704B0704721
:100BF00083B002900298007901900198002800F0DB
:100C00008A80FFE70198082800F28580FFE70298B4
:100C10000168012045F20842C5F6020291420090A7
:100C20004ED0FFE702980168012045F21C42C5F64C
:100C300002029142009043D0FFE702980168012030
:100C400045F23042C5F602029142009038D0FFE7EB
:100C500002980168012045F24442C5F60202914221
:100C600000902DD0FFE702980168012045F258421C
:100C7000C5F602029142009022D0FFE70298016877
:100C8000012045F26C42C5F602029142009017D055
:100C9000FFE702980168012045F28042C5F6020292
:100CA000914200900CD0FFE7029800684AF66C3140
:100CB000CAF2FD710844B0FA80F040090090FFE7E5
:100CC0000098C00780B1FFE7019945F6FC00C5F622
:100CD000020000EB81000299C866029945F64010B7
:100CE000C5F6020008670FE0019940F6FC00C4F267
:100CF000020000EB81000299C866029940F640109C
:100D0000C4F202000867FFE70198411E01208840F5
:100D100002994867FFE703B0704700000000000039
:100D200085B0049000208DF80F000498806918BBEE
:100D3000FFE70498806A029003281BD80299DFE835
:100D400001F0020D0218049890F82F00C00720B19E
:100D5000FFE701208DF80F00FFE70CE00498C06A60
:100D6000B0F1C07F04D1FFE701208DF80F00FFE74D
:100D700001E000E0FFE747E004988069B0F5005F1C
:100D800026D1FFE70498806A019003281ED80199B4
:100D9000DFE801F00206021101208DF80F0016E0D5
:100DA000049890F82F00C00720B1FFE701208DF8CC
:100DB0000F00FFE70BE00498C06AB0F1C07F04D1D8
:100DC000FFE701208DF80F00FFE700E0FFE71AE0E2
:100DD0000498806A0090032804D3FFE70098032852
:100DE00004D00EE001208DF80F000BE0049890F87D
:100DF0002F00C00720B1FFE701208DF80F00FFE7AB
:100E000000E0FFE7FFE7FFE79DF80F0005B0704740
:100E100089B008900791069205930898806D049018
:100E20000898806D03900898016801201022C4F290
:100E300002029142029000F00381FFE708980168E6
:100E400001202822C4F202029142029000F0F880B0
:100E5000FFE70898016801204022C4F20202914293
:100E6000029000F0ED80FFE7089801680120582209
:100E7000C4F202029142029000F0E280FFE708987B
:100E8000016801207022C4F202029142029000F037
:100E9000D780FFE70898016801208822C4F2020287
:100EA0009142029000F0CC80FFE708980168012091
:100EB000A022C4F202029142029000F0C180FFE73A
:100EC000089801680120B822C4F2020291420290FF
:100ED00000F0B680FFE708980168012040F2104258
:100EE000C4F202029142029000F0AA80FFE7089843
:100EF0000168012040F22842C4F2020291420290AD
:100F000000F09E80FFE708980168012040F240420F
:100F1000C4F202029142029000F09280FFE708982A
:100F20000168012040F25842C4F20202914202904C
:100F300000F08680FFE708980168012040F27042C7
:100F4000C4F20202914202907AD0FFE70898016849
:100F5000012040F28842C4F20202914202906FD016
:100F6000FFE708980168012040F2A042C4F20202A3
:100F70009142029064D0FFE708980168012040F296
:100F8000B842C4F202029142029059D0FFE7089899
:100F90000168012045F20842C5F602029142029022
:100FA0004ED0FFE708980168012045F21C42C5F6C3
:100FB00002029142029043D0FFE7089801680120A5
:100FC00045F23042C5F602029142029038D0FFE766
:100FD00008980168012045F24442C5F60202914298
:100FE00002902DD0FFE708980168012045F2584291
:100FF000C5F602029142029022D0FFE708980168EC
:10100000012045F26C42C5F602029142029017D0CF
:10101000FFE708980168012045F28042C5F6020208
:10102000914202900CD0FFE7089800684AF66C31B4
:10103000CAF2FD710844B0FA80F040090290FFE75F
:101040000298C00770B1FFE70898416E806E486053
:101050000898C06E28B1FFE70898016F406F48609C
:10106000FFE7FFE70898016801201022C4F202029E
:101070009142019000F0A380FFE7089801680120E9
:101080002822C4F202029142019000F09880FFE70A
:101090000898016801204022C4F2020291420190A6
:1010A00000F08D80FFE70898016801205822C4F203
:1010B00002029142019000F08280FFE708980168E7
:1010C00001207022C4F202029142019077D0FFE722
:1010D0000898016801208822C4F20202914201901E
:1010E0006DD0FFE7089801680120A022C4F2020237
:1010F0009142019063D0FFE7089801680120B8226F
:10110000C4F202029142019059D0FFE708980168A9
:10111000012040F21042C4F20202914201904ED0EE
:10112000FFE708980168012040F22842C4F2020259
:101130009142019043D0FFE708980168012040F2F6
:101140004042C4F202029142019038D0FFE7089871
:101150000168012040F25842C4F20202914201901B
:101160002DD0FFE708980168012040F27042C4F2D8
:1011700002029142019022D0FFE708980168012005
:1011800040F28842C4F202029142019017D0FFE778
:1011900008980168012040F2A042C4F20202914284
:1011A00001900CD0FFE7089800684FF64831CBF665
:1011B000FD710844B0FA80F040090190FFE7019802
:1011C000C00750B3FFE70898C06D00F01F013F2033
:1011D00088400499886008980168086820F4802095
:1011E0000860059808990968486008988068402850
:1011F00009D1FFE706980899096888600798089957
:101200000968C86008E00798089909688860069826
:1012100008990968C860FFE782E008980168012022
:1012200045F20842C5F60202914200904ED0FFE717
:1012300008980168012045F21C42C5F6020291425D
:10124000009043D0FFE708980168012045F2304242
:10125000C5F602029142009038D0FFE70898016875
:10126000012045F24442C5F60202914200902DD081
:10127000FFE708980168012045F25842C5F60202CE
:101280009142009022D0FFE708980168012045F2C2
:101290006C42C5F602029142009017D0FFE7089811
:1012A0000168012045F28042C5F602029142009099
:1012B0000CD0FFE7089800684AF66C31CAF2FD715D
:1012C0000844B0FA80F040090090FFE70098C0079A
:1012D00020B3FFE70898C06D00F01F01012088408F
:1012E00003994860059808990968486008988068DB
:1012F000402809D1FFE7069808990968886007988F
:1013000008990968C86008E0079808990968886022
:10131000069808990968C860FFE700E0FFE7FFE763
:1013200009B0704700000000704700000000000096
:1013300080B5012003F080F980BD000000000000AE
:1013400080B54FF4004003F077F980BD0000000045
:1013500081B0EFF3108072B60090FFE7FEE7000067
:1013600044F60C01C5F60201086840F0020008606E
:10137000FFE744F60400C5F6020000688004002878
:1013800001D4FFE7F5E7704780B58AB0089003F015
:1013900073FB0490089828B9FFE701208DF8270017
:1013A00000F0AABC089890F8350002280ED0FFE79C
:1013B000089980204865FFE70899002081F83400EB
:1013C000FFE701208DF8270000F096BC089801681F
:1013D00001201022C4F202029142039000F0A38087
:1013E000FFE70898016801202822C4F20202914216
:1013F000039000F09880FFE70898016801204022E0
:10140000C4F202029142039000F08D80FFE7089839
:10141000016801205822C4F202029142039000F0B8
:101420008280FFE70898016801207022C4F202025E
:101430009142039077D0FFE7089801680120882245
:10144000C4F20202914203906DD0FFE70898016850
:101450000120A022C4F202029142039063D0FFE770
:10146000089801680120B822C4F202029142039058
:1014700059D0FFE708980168012040F21042C4F2F9
:101480000202914203904ED0FFE7089801680120C4
:1014900040F22842C4F202029142039043D0FFE797
:1014A00008980168012040F24042C4F202029142D1
:1014B000039038D0FFE708980168012040F25842B5
:1014C000C4F20202914203902DD0FFE70898016810
:1014D000012040F27042C4F202029142039022D0F5
:1014E000FFE708980168012040F28842C4F2020236
:1014F0009142039017D0FFE708980168012040F25D
:10150000A042C4F20202914203900CD0FFE7089877
:1015100000684FF64831CBF6FD710844B0FA80F010
:1015200040090390FFE70398C00780B1FFE70898E0
:101530000168086820F01E00086008980168486982
:1015400020F08000486108980068059009E008983C
:101550000168086820F00E0008600898006805908F
:10156000FFE70898016801201022C4F202029142AC
:10157000029000F00381FFE708980168012028220B
:10158000C4F202029142029000F0F880FFE708984E
:10159000016801204022C4F202029142029000F050
:1015A000ED80FFE70898016801205822C4F202028A
:1015B0009142029000F0E280FFE708980168012064
:1015C0007022C4F202029142029000F0D780FFE73D
:1015D0000898016801208822C4F202029142029018
:1015E00000F0CC80FFE7089801680120A022C4F237
:1015F00002029142029000F0C180FFE70898016862
:101600000120B822C4F202029142029000F0B6809A
:10161000FFE708980168012040F21042C4F202027C
:101620009142029000F0AA80FFE70898016801202B
:1016300040F22842C4F202029142029000F09E80E1
:10164000FFE708980168012040F24042C4F202021C
:101650009142029000F09280FFE708980168012013
:1016600040F25842C4F202029142029000F0868099
:10167000FFE708980168012040F27042C4F20202BC
:10168000914202907AD0FFE708980168012040F269
:101690008842C4F20202914202906FD0FFE708989C
:1016A0000168012040F2A042C4F20202914202907D
:1016B00064D0FFE708980168012040F2B842C4F204
:1016C00002029142029059D0FFE708980168012078
:1016D00045F20842C5F60202914202904ED0FFE761
:1016E00008980168012045F21C42C5F602029142A9
:1016F000029043D0FFE708980168012045F230428C
:10170000C5F602029142029038D0FFE708980168BE
:10171000012045F24442C5F60202914202902DD0CA
:10172000FFE708980168012045F25842C5F6020219
:101730009142029022D0FFE708980168012045F20B
:101740006C42C5F602029142029017D0FFE708985A
:101750000168012045F28042C5F6020291420290E2
:101760000CD0FFE7089800684AF66C31CAF2FD71A8
:101770000844B0FA80F040090290FFE70298C007E1
:1017800038B1FFE70898016E086820F4807008609F
:10179000FFE7089800681021C4F20201884200F0B7
:1017A0008180FFE7089800682821C4F2020188427E
:1017B00078D0FFE7089800684021C4F2020188420F
:1017C00070D0FFE7089800685821C4F202018842EF
:1017D00068D0FFE7089800687021C4F202018842CF
:1017E00060D0FFE7089800688821C4F202018842AF
:1017F00058D0FFE708980068A021C4F2020188428F
:1018000050D0FFE708980068B821C4F2020188426E
:1018100048D0FFE70898006840F21041C4F2020186
:1018200088423FD0FFE70898006840F22841C4F2A0
:101830000201884236D0FFE70898006840F2404134
:10184000C4F2020188422DD0FFE70898006840F2F8
:101850005841C4F20201884224D0FFE7089800688A
:1018600040F27041C4F2020188421BD0FFE70898A1
:10187000006840F28841C4F20201884212D0FFE7BA
:101880000898006840F2A041C4F20201884209D0E1
:10189000FFE70898006840F2B841C4F202018842AC
:1018A00007D1FFE708980168086820F00100086088
:1018B00006E008980168086820F001000860FFE76A
:1018C000FFE705980068C007C8B1FFE703F0D4F848
:1018D0000499401A062811D3FFE70899202048658B
:1018E0000899032081F83500FFE70899002081F866
:1018F0003400FFE701208DF82700FDE1E1E70898BB
:10190000016801201022C4F202029142019000F00D
:10191000A380FFE70898016801202822C4F2020290
:101920009142019000F09880FFE70898016801203B
:101930004022C4F202029142019000F08D80FFE744
:101940000898016801205822C4F2020291420190D5
:1019500000F08280FFE70898016801207022C4F23D
:1019600002029142019077D0FFE7089801680120B8
:101970008822C4F20202914201906DD0FFE70898DC
:1019800001680120A022C4F202029142019063D0BA
:10199000FFE7089801680120B822C4F202029142D0
:1019A000019059D0FFE708980168012040F21042E9
:1019B000C4F20202914201904ED0FFE708980168FC
:1019C000012040F22842C4F202029142019043D029
:1019D000FFE708980168012040F24042C4F2020289
:1019E0009142019038D0FFE708980168012040F249
:1019F0005842C4F20202914201902DD0FFE70898AC
:101A00000168012040F27042C4F20202914201904A
:101A100022D0FFE708980168012040F28842C4F212
:101A200002029142019017D0FFE708980168012057
:101A300040F2A042C4F20202914201900CD0FFE7B2
:101A4000089800684FF64831CBF6FD710844B0FAAB
:101A500080F040090190FFE70198C00760B1FFE7FF
:101A60000898806D07900898C06D00F01F013F2016
:101A70008840079988600BE00898806D0690089868
:101A8000C06D00F01F010120884006994860FFE703
:101A90000898016801201022C4F2020291420090CD
:101AA00000F00381FFE70898016801202822C4F2B2
:101AB00002029142009000F0F880FFE70898016868
:101AC00001204022C4F202029142009000F0ED8019
:101AD000FFE70898016801205822C4F202029142EF
:101AE000009000F0E280FFE7089801680120702272
:101AF000C4F202029142009000F0D780FFE70898FC
:101B0000016801208822C4F202029142009000F094
:101B1000CC80FFE7089801680120A022C4F20202ED
:101B20009142009000F0C180FFE708980168012011
:101B3000B822C4F202029142009000F0B680FFE7A2
:101B400008980168012040F21042C4F2020291425A
:101B5000009000F0AA80FFE708980168012040F299
:101B60002842C4F202029142009000F09E80FFE7FA
:101B700008980168012040F24042C4F202029142FA
:101B8000009000F09280FFE708980168012040F281
:101B90005842C4F202029142009000F08680FFE7B2
:101BA00008980168012040F27042C4F2020291429A
:101BB00000907AD0FFE708980168012040F288423F
:101BC000C4F20202914200906FD0FFE708980168CA
:101BD000012040F2A042C4F202029142009064D07F
:101BE000FFE708980168012040F2B842C4F20202FF
:101BF0009142009059D0FFE708980168012045F212
:101C00000842C5F60202914200904ED0FFE70898C4
:101C10000168012045F21C42C5F602029142009083
:101C200043D0FFE708980168012045F23042C5F62D
:101C300002029142009038D0FFE708980168012025
:101C400045F24442C5F60202914200902DD0FFE7D2
:101C500008980168012045F25842C5F602029142F7
:101C6000009022D0FFE708980168012045F26C42FD
:101C7000C5F602029142009017D0FFE7089801686C
:101C8000012045F28042C5F60202914200900CD03C
:101C9000FFE7089800684AF66C31CAF2FD71084403
:101CA000B0FA80F040090090FFE70098C007A0B1AB
:101CB000FFE70898416E806E48600898C06E58B182
:101CC000FFE70898C16E086820F4807008600898E3
:101CD000016F406F4860FFE7FFE70899012081F836
:101CE0003500FFE70899002081F83400FFE7FFE79F
:101CF00000208DF82700FFE79DF827000AB080BD7F
:101D000080B586B00490049820B9FFE701208DF8D3
:101D1000170046E3049890F83500022807D0FFE743
:101D200004998020486501208DF8170039E3049854
:101D3000016801201022C4F202029142029000F0D8
:101D4000A380FFE70498016801202822C4F2020260
:101D50009142029000F09880FFE70498016801200A
:101D60004022C4F202029142029000F08D80FFE70F
:101D70000498016801205822C4F2020291420290A4
:101D800000F08280FFE70498016801207022C4F20D
:101D900002029142029077D0FFE704980168012087
:101DA0008822C4F20202914202906DD0FFE70498AB
:101DB00001680120A022C4F202029142029063D085
:101DC000FFE7049801680120B822C4F202029142A0
:101DD000029059D0FFE704980168012040F21042B8
:101DE000C4F20202914202904ED0FFE704980168CB
:101DF000012040F22842C4F202029142029043D0F4
:101E0000FFE704980168012040F24042C4F2020258
:101E10009142029038D0FFE704980168012040F217
:101E20005842C4F20202914202902DD0FFE704987A
:101E30000168012040F27042C4F202029142029015
:101E400022D0FFE704980168012040F28842C4F2E2
:101E500002029142029017D0FFE704980168012026
:101E600040F2A042C4F20202914202900CD0FFE77D
:101E7000049800684FF64831CBF6FD710844B0FA7B
:101E800080F040090290FFE70298C007002800F0A8
:101E90009D80FFE70499042081F8350004980068CC
:101EA0001021C4F20201884200F08180FFE704980B
:101EB00000682821C4F20201884278D0FFE7049824
:101EC00000684021C4F20201884270D0FFE7049804
:101ED00000685821C4F20201884268D0FFE70498E4
:101EE00000687021C4F20201884260D0FFE70498C4
:101EF00000688821C4F20201884258D0FFE70498A4
:101F00000068A021C4F20201884250D0FFE7049883
:101F10000068B821C4F20201884248D0FFE7049863
:101F2000006840F21041C4F2020188423FD0FFE74E
:101F30000498006840F22841C4F20201884236D079
:101F4000FFE70498006840F24041C4F20201884271
:101F50002DD0FFE70498006840F25841C4F2020116
:101F6000884224D0FFE70498006840F27041C4F230
:101F7000020188421BD0FFE70498006840F28841C4
:101F8000C4F20201884212D0FFE70498006840F2D0
:101F9000A041C4F20201884209D0FFE7049800681A
:101FA00040F2B841C4F20201884207D1FFE7049829
:101FB0000168086820F00100086006E004980168E4
:101FC000086820F001000860FFE7E5E10498016877
:101FD000086820F00E000860049800681021C4F220
:101FE0000201884200F08180FFE704980068282100
:101FF000C4F20201884278D0FFE7049800684021CB
:10200000C4F20201884270D0FFE7049800685821AA
:10201000C4F20201884268D0FFE70498006870218A
:10202000C4F20201884260D0FFE70498006888216A
:10203000C4F20201884258D0FFE704980068A0214A
:10204000C4F20201884250D0FFE704980068B8212A
:10205000C4F20201884248D0FFE70498006840F2C9
:102060001041C4F2020188423FD0FFE704980068A3
:1020700040F22841C4F20201884236D0FFE70498BA
:10208000006840F24041C4F2020188422DD0FFE7CF
:102090000498006840F25841C4F20201884224D0FA
:1020A000FFE70498006840F27041C4F202018842E0
:1020B0001BD0FFE70498006840F28841C4F2020197
:1020C000884212D0FFE70498006840F2A041C4F2B1
:1020D0000201884209D0FFE70498006840F2B84145
:1020E000C4F20201884207D1FFE70498016808683A
:1020F00020F00100086006E004980168086820F0FC
:1021000001000860FFE70498016801201022C4F272
:1021100002029142019000F00381FFE704980168F8
:1021200001202822C4F202029142019000F0F880BE
:10213000FFE70498016801204022C4F202029142A4
:10214000019000F0ED80FFE704980168012058221B
:10215000C4F202029142019000F0E280FFE704988D
:10216000016801207022C4F202029142019000F045
:10217000D780FFE70498016801208822C4F2020298
:102180009142019000F0CC80FFE7049801680120A3
:10219000A022C4F202029142019000F0C180FFE748
:1021A000049801680120B822C4F202029142019011
:1021B00000F0B680FFE704980168012040F2104269
:1021C000C4F202029142019000F0AA80FFE7049855
:1021D0000168012040F22842C4F2020291420190BB
:1021E00000F09E80FFE704980168012040F2404221
:1021F000C4F202029142019000F09280FFE704983D
:102200000168012040F25842C4F20202914201905A
:1022100000F08680FFE704980168012040F27042D8
:10222000C4F20202914201907AD0FFE7049801685B
:10223000012040F28842C4F20202914201906FD024
:10224000FFE704980168012040F2A042C4F20202B4
:102250009142019064D0FFE704980168012040F2A8
:10226000B842C4F202029142019059D0FFE70498AB
:102270000168012045F20842C5F602029142019030
:102280004ED0FFE704980168012045F21C42C5F6D4
:1022900002029142019043D0FFE7049801680120B7
:1022A00045F23042C5F602029142019038D0FFE774
:1022B00004980168012045F24442C5F602029142A9
:1022C00001902DD0FFE704980168012045F25842A3
:1022D000C5F602029142019022D0FFE704980168FE
:1022E000012045F26C42C5F602029142019017D0DE
:1022F000FFE704980168012045F28042C5F602021A
:10230000914201900CD0FFE7049800684AF66C31C6
:10231000CAF2FD710844B0FA80F040090190FFE76D
:102320000198C00728B3FFE70498016E086820F4FD
:10233000807008600498806D03900498C06D00F070
:102340001F0101208840039948600498416E806E07
:1023500048600498C06E58B1FFE70498C16E0868E1
:1023600020F4807008600498016F406F4860FFE7B8
:10237000FFE70499012081F83500FFE70499002068
:1023800081F83400FFE70498006D20B1FFE704985E
:10239000016D8847FFE7FFE7FFE700208DF8170092
:1023A000FFE79DF8170006B080BD000000000000A8
:1023B00080B590B00F9000200B9040F21000C2F258
:1023C0000040006848F2B511C1F64E31A0FB011083
:1023D000800A0A900F98806D09900F98806D089080
:1023E000099800680E90089800680D900F98016891
:1023F00001201022C4F202029142079000F0A38053
:10240000FFE70F98016801202822C4F202029142DE
:10241000079000F09880FFE70F98016801204022A4
:10242000C4F202029142079000F08D80FFE70F98FE
:10243000016801205822C4F202029142079000F084
:102440008280FFE70F98016801207022C4F2020227
:102450009142079077D0FFE70F980168012088220A
:10246000C4F20202914207906DD0FFE70F98016815
:102470000120A022C4F202029142079063D0FFE73C
:102480000F9801680120B822C4F20202914207901D
:1024900059D0FFE70F980168012040F21042C4F2C2
:1024A0000202914207904ED0FFE70F980168012089
:1024B00040F22842C4F202029142079043D0FFE763
:1024C0000F980168012040F24042C4F2020291429A
:1024D000079038D0FFE70F980168012040F258427A
:1024E000C4F20202914207902DD0FFE70F980168D5
:1024F000012040F27042C4F202029142079022D0C1
:10250000FFE70F980168012040F28842C4F20202FE
:102510009142079017D0FFE70F980168012040F221
:10252000A042C4F20202914207900CD0FFE70F983C
:1025300000684FF64831CBF6FD710844B0FA80F0E0
:1025400040090790FFE70798C007002800F01385AF
:10255000FFE70E980F99C96D01F01F01C8400007F1
:10256000002840F1B080FFE70F9800681021C4F206
:102570000201884200F08180FFE70F98006828215F
:10258000C4F20201884278D0FFE70F98006840212A
:10259000C4F20201884270D0FFE70F98006858210A
:1025A000C4F20201884268D0FFE70F9800687021EA
:1025B000C4F20201884260D0FFE70F9800688821CA
:1025C000C4F20201884258D0FFE70F980068A021AA
:1025D000C4F20201884250D0FFE70F980068B8218A
:1025E000C4F20201884248D0FFE70F98006840F229
:1025F0001041C4F2020188423FD0FFE70F98006803
:1026000040F22841C4F20201884236D0FFE70F9819
:10261000006840F24041C4F2020188422DD0FFE739
:102620000F98006840F25841C4F20201884224D059
:10263000FFE70F98006840F27041C4F2020188423F
:102640001BD0FFE70F98006840F28841C4F20201F6
:10265000884212D0FFE70F98006840F2A041C4F210
:102660000201884209D0FFE70F98006840F2B841A4
:10267000C4F20201884207D1FFE70F9800680068A2
:1026800000F00400069006E00F980068006800F073
:1026900008000690FFE70698A0B1FFE70F980168D1
:1026A000086820F0040008600F98C06D00F01F015A
:1026B00008208840099988600F99486D40F0010012
:1026C0004865FFE7FFE70E980F99C96D01F01F01FC
:1026D000C840C007002800F0A980FFE70F980068F5
:1026E0001021C4F20201884200F08180FFE70F98B8
:1026F00000682821C4F20201884278D0FFE70F98D1
:1027000000684021C4F20201884270D0FFE70F98B0
:1027100000685821C4F20201884268D0FFE70F9890
:1027200000687021C4F20201884260D0FFE70F9870
:1027300000688821C4F20201884258D0FFE70F9850
:102740000068A021C4F20201884250D0FFE70F9830
:102750000068B821C4F20201884248D0FFE70F9810
:10276000006840F21041C4F2020188423FD0FFE706
:102770000F98006840F22841C4F20201884236D026
:10278000FFE70F98006840F24041C4F2020188421E
:102790002DD0FFE70F98006840F25841C4F20201C3
:1027A000884224D0FFE70F98006840F27041C4F2DD
:1027B000020188421BD0FFE70F98006840F2884171
:1027C000C4F20201884212D0FFE70F98006840F27D
:1027D000A041C4F20201884209D0FFE70F980068C7
:1027E00040F2B841C4F20201884207D1FFE70F98D6
:1027F0000068406900F08000059005E00F980068CF
:10280000006800200590FFE7059870B1FFE70F987A
:10281000C06D00F01F0101208840099988600F9960
:10282000486D40F002004865FFE7FFE70E980F99FA
:10283000C96D01F01F01C8404007002840F1A98080
:10284000FFE70F9800681021C4F20201884200F0EF
:102850008180FFE70F9800682821C4F202018842B6
:1028600078D0FFE70F9800684021C4F20201884247
:1028700070D0FFE70F9800685821C4F20201884227
:1028800068D0FFE70F9800687021C4F20201884207
:1028900060D0FFE70F9800688821C4F202018842E7
:1028A00058D0FFE70F980068A021C4F202018842C7
:1028B00050D0FFE70F980068B821C4F202018842A7
:1028C00048D0FFE70F98006840F21041C4F20201BF
:1028D00088423FD0FFE70F98006840F22841C4F2D9
:1028E0000201884236D0FFE70F98006840F240416D
:1028F000C4F2020188422DD0FFE70F98006840F231
:102900005841C4F20201884224D0FFE70F980068C2
:1029100040F27041C4F2020188421BD0FFE70F98D9
:10292000006840F28841C4F20201884212D0FFE7F9
:102930000F98006840F2A041C4F20201884209D019
:10294000FFE70F98006840F2B841C4F202018842E4
:1029500007D1FFE70F980068006800F002000490BC
:1029600005E00F980068006800200490FFE70498D5
:1029700070B1FFE70F98C06D00F01F010420884080
:10298000099988600F99486D40F004004865FFE799
:10299000FFE70E980F99C96D01F01F01C840C006EE
:1029A000002840F1DE80FFE70F9800681021C4F294
:1029B0000201884200F08180FFE70F98006828211B
:1029C000C4F20201884278D0FFE70F9800684021E6
:1029D000C4F20201884270D0FFE70F9800685821C6
:1029E000C4F20201884268D0FFE70F9800687021A6
:1029F000C4F20201884260D0FFE70F980068882186
:102A0000C4F20201884258D0FFE70F980068A02165
:102A1000C4F20201884250D0FFE70F980068B82145
:102A2000C4F20201884248D0FFE70F98006840F2E4
:102A30001041C4F2020188423FD0FFE70F980068BE
:102A400040F22841C4F20201884236D0FFE70F98D5
:102A5000006840F24041C4F2020188422DD0FFE7F5
:102A60000F98006840F25841C4F20201884224D015
:102A7000FFE70F98006840F27041C4F202018842FB
:102A80001BD0FFE70F98006840F28841C4F20201B2
:102A9000884212D0FFE70F98006840F2A041C4F2CC
:102AA0000201884209D0FFE70F98006840F2B84160
:102AB000C4F20201884207D1FFE70F98006800685E
:102AC00000F00800039006E00F980068006800F02E
:102AD00004000390FFE70398002841D0FFE70F9818
:102AE000C06D00F01F0110208840099988600F9880
:102AF00000680068400300281AD5FFE70F980068B7
:102B000000680003002809D4FFE70F98006C20B18B
:102B1000FFE70F98016C8847FFE708E00F98806C8B
:102B200020B1FFE70F98816C8847FFE7FFE716E0C9
:102B30000F9800680068C005002807D4FFE70F98C9
:102B40000168086820F008000860FFE70F98006C33
:102B500020B1FFE70F98016C8847FFE7FFE7FFE729
:102B6000FFE70E980F99C96D01F01F01C84080065C
:102B7000002840F12681FFE70F9800681021C4F279
:102B80000201884200F08180FFE70F980068282149
:102B9000C4F20201884278D0FFE70F980068402114
:102BA000C4F20201884270D0FFE70F9800685821F4
:102BB000C4F20201884268D0FFE70F9800687021D4
:102BC000C4F20201884260D0FFE70F9800688821B4
:102BD000C4F20201884258D0FFE70F980068A02194
:102BE000C4F20201884250D0FFE70F980068B82174
:102BF000C4F20201884248D0FFE70F98006840F213
:102C00001041C4F2020188423FD0FFE70F980068EC
:102C100040F22841C4F20201884236D0FFE70F9803
:102C2000006840F24041C4F2020188422DD0FFE723
:102C30000F98006840F25841C4F20201884224D043
:102C4000FFE70F98006840F27041C4F20201884229
:102C50001BD0FFE70F98006840F28841C4F20201E0
:102C6000884212D0FFE70F98006840F2A041C4F2FA
:102C70000201884209D0FFE70F98006840F2B8418E
:102C8000C4F20201884207D1FFE70F98006800688C
:102C900000F01000029006E00F980068006800F055
:102CA00002000290FFE70298002800F08980FFE709
:102CB0000F98C06D00F01F0120208840099988609E
:102CC0000F9890F83500042837D1FFE70F98016876
:102CD000086820F0160008600F980168486920F025
:102CE000800048610F98006C20B9FFE70F98806C56
:102CF00038B1FFE70F980168086820F00800086005
:102D0000FFE70F98C06D00F01F013F208840099930
:102D100088600F99012081F83500FFE70F990020A6
:102D200081F83400FFE70F98006D20B1FFE70F989E
:102D3000016D8847FFE700F019BC0F980068006834
:102D4000400300281AD5FFE70F98006800680003C9
:102D5000002809D4FFE70F98406C20B1FFE70F98D7
:102D6000416C8847FFE708E00F98C06B20B1FFE790
:102D70000F98C16B8847FFE7FFE720E00F980068D6
:102D80000068C005002811D4FFE70F9801680868A3
:102D900020F0100008600F99012081F83500FFE74E
:102DA0000F99002081F83400FFE7FFE70F98C06B10
:102DB00020B1FFE70F98C16B8847FFE7FFE7FFE708
:102DC000FFE70F98406D002800F0D480FFE70F98D0
:102DD000406DC007002800F0C480FFE70F99042071
:102DE00081F835000F9800681021C4F20201884272
:102DF00000F08180FFE70F9800682821C4F20201EB
:102E0000884278D0FFE70F9800684021C4F20201A1
:102E1000884270D0FFE70F9800685821C4F2020181
:102E2000884268D0FFE70F9800687021C4F2020161
:102E3000884260D0FFE70F9800688821C4F2020141
:102E4000884258D0FFE70F980068A021C4F2020121
:102E5000884250D0FFE70F980068B821C4F2020101
:102E6000884248D0FFE70F98006840F21041C4F252
:102E7000020188423FD0FFE70F98006840F22841E6
:102E8000C4F20201884236D0FFE70F98006840F292
:102E90004041C4F2020188422DD0FFE70F9800683C
:102EA00040F25841C4F20201884224D0FFE70F9853
:102EB000006840F27041C4F2020188421BD0FFE773
:102EC0000F98006840F28841C4F20201884212D093
:102ED000FFE70F98006840F2A041C4F20201884267
:102EE00009D0FFE70F98006840F2B841C4F2020130
:102EF000884207D1FFE70F980168086820F00100B9
:102F0000086006E00F980168086820F0010008607A
:102F1000FFE7FFE70B9801300B900A99884201D92F
:102F2000FFE707E0FFE70F9800680068C007002888
:102F3000F0D1FFE70F9800680068C00728B1FFE7ED
:102F40000F99032081F8350004E00F99012081F8E2
:102F50003500FFE7FFE70F99002081F83400FFE715
:102F6000FFE70F98C06C20B1FFE70F98C16C88474E
:102F7000FFE7FFE7FAE20F980168012045F20842F7
:102F8000C5F60202914201904ED0FFE70F9801680A
:102F9000012045F21C42C5F602029142019043D045
:102FA000FFE70F980168012045F23042C5F60202A2
:102FB0009142019038D0FFE70F980168012045F257
:102FC0004442C5F60202914201902DD0FFE70F98CE
:102FD0000168012045F25842C5F602029142019073
:102FE00022D0FFE70F980168012045F26C42C5F638
:102FF00002029142019017D0FFE70F98016801206B
:1030000045F28042C5F60202914201900CD0FFE7E2
:103010000F9800684AF66C31CAF2FD710844B0FAA4
:1030200080F040090190FFE70198C007002800F0F8
:103030009B82FFE70F98006800680C900D980F992D
:10304000C96D01F01F01C8404007002840F1D7803A
:10305000FFE79DF830004007002840F1D080FFE7EF
:103060000F98C06D00F01F01042088400899486047
:103070009DF831000006002818D5FFE79DF83200C2
:10308000C00748B9FFE70F98806C20B1FFE70F98A1
:10309000816C8847FFE708E00F98006C20B1FFE7DC
:1030A0000F98016C8847FFE7FFE7A7E09DF8300025
:1030B0008006002800F19980FFE70F980068102132
:1030C000C4F20201884200F08180FFE70F98006897
:1030D0002821C4F20201884278D0FFE70F980068E7
:1030E0004021C4F20201884270D0FFE70F980068C7
:1030F0005821C4F20201884268D0FFE70F980068A7
:103100007021C4F20201884260D0FFE70F98006886
:103110008821C4F20201884258D0FFE70F98006866
:10312000A021C4F20201884250D0FFE70F98006846
:10313000B821C4F20201884248D0FFE70F98006826
:1031400040F21041C4F2020188423FD0FFE70F98DD
:10315000006840F22841C4F20201884236D0FFE7FD
:103160000F98006840F24041C4F2020188422DD01D
:10317000FFE70F98006840F25841C4F2020188420C
:1031800024D0FFE70F98006840F27041C4F20201BA
:1031900088421BD0FFE70F98006840F28841C4F2D4
:1031A0000201884212D0FFE70F98006840F2A04168
:1031B000C4F20201884209D0FFE70F98006840F28C
:1031C000B841C4F20201884207D1FFE70F980168B5
:1031D000086820F00800086006E00F980168086899
:1031E00020F004000860FFE7FFE70F98006C20B1B3
:1031F000FFE70F98016C8847FFE7FFE7B3E10D9801
:103200000F99C96D01F01F01C8408007002840F1E7
:10321000E180FFE79DF830008007002840F1DA8068
:10322000FFE70F98C06D00F01F0102208840089949
:1032300048609DF831000006002818D5FFE79DF88A
:103240003200C00748B9FFE70F98406C20B1FFE794
:103250000F98416C8847FFE708E00F98C06B20B1DA
:10326000FFE70F98C16B8847FFE7FFE7B1E09DF8E4
:1032700030008006002800F1A380FFE70F98006867
:103280001021C4F20201884200F08180FFE70F980C
:1032900000682821C4F20201884278D0FFE70F9825
:1032A00000684021C4F20201884270D0FFE70F9805
:1032B00000685821C4F20201884268D0FFE70F98E5
:1032C00000687021C4F20201884260D0FFE70F98C5
:1032D00000688821C4F20201884258D0FFE70F98A5
:1032E0000068A021C4F20201884250D0FFE70F9885
:1032F0000068B821C4F20201884248D0FFE70F9865
:10330000006840F21041C4F2020188423FD0FFE75A
:103310000F98006840F22841C4F20201884236D07A
:10332000FFE70F98006840F24041C4F20201884272
:103330002DD0FFE70F98006840F25841C4F2020117
:10334000884224D0FFE70F98006840F27041C4F231
:10335000020188421BD0FFE70F98006840F28841C5
:10336000C4F20201884212D0FFE70F98006840F2D1
:10337000A041C4F20201884209D0FFE70F9800681B
:1033800040F2B841C4F20201884207D1FFE70F982A
:103390000168086820F01400086006E00F980168D2
:1033A000086820F00A000860FFE70F99012081F803
:1033B0003500FFE70F99002081F83400FFE7FFE7B1
:1033C0000F98C06B20B1FFE70F98C16B8847FFE7EC
:1033D000FFE7C7E00D980F99C96D01F01F01C840C4
:1033E0000007002840F1BC80FFE79DF8300000078F
:1033F000002840F1B580FFE70F9800681021C4F263
:103400000201884200F08180FFE70F9800682821C0
:10341000C4F20201884278D0FFE70F98006840218B
:10342000C4F20201884270D0FFE70F98006858216B
:10343000C4F20201884268D0FFE70F98006870214B
:10344000C4F20201884260D0FFE70F98006888212B
:10345000C4F20201884258D0FFE70F980068A0210B
:10346000C4F20201884250D0FFE70F980068B821EB
:10347000C4F20201884248D0FFE70F98006840F28A
:103480001041C4F2020188423FD0FFE70F98006864
:1034900040F22841C4F20201884236D0FFE70F987B
:1034A000006840F24041C4F2020188422DD0FFE79B
:1034B0000F98006840F25841C4F20201884224D0BB
:1034C000FFE70F98006840F27041C4F202018842A1
:1034D0001BD0FFE70F98006840F28841C4F2020158
:1034E000884212D0FFE70F98006840F2A041C4F272
:1034F0000201884209D0FFE70F98006840F2B84106
:10350000C4F20201884207D1FFE70F9801680868FA
:1035100020F01C00086006E00F980168086820F0A1
:103520000E000860FFE70F98C06D00F01F0101203A
:1035300000FA01F1089A51600F9948650F9981F8D6
:103540003500FFE70F99002081F83400FFE70F985E
:10355000C06C20B1FFE70F98C16C8847FFE700E01F
:10356000FFE7FFE7FFE700E0FFE7FFE710B080BD00
:1035700010B58EB00C9001F07FFA0A900C9828B923
:10358000FFE701208DF8370000F09FBC0C98016820
:1035900001201022C4F202029142079000F0A380A1
:1035A000FFE70C98016801202822C4F20202914230
:1035B000079000F09880FFE70C98016801204022F6
:1035C000C4F202029142079000F08D80FFE70C9850
:1035D000016801205822C4F202029142079000F0D3
:1035E0008280FFE70C98016801207022C4F2020279
:1035F0009142079077D0FFE70C980168012088225C
:10360000C4F20202914207906DD0FFE70C98016866
:103610000120A022C4F202029142079063D0FFE78A
:103620000C9801680120B822C4F20202914207906E
:1036300059D0FFE70C980168012040F21042C4F213
:103640000202914207904ED0FFE70C9801680120DA
:1036500040F22842C4F202029142079043D0FFE7B1
:103660000C980168012040F24042C4F202029142EB
:10367000079038D0FFE70C980168012040F25842CB
:10368000C4F20202914207902DD0FFE70C98016826
:10369000012040F27042C4F202029142079022D00F
:1036A000FFE70C980168012040F28842C4F2020250
:1036B0009142079017D0FFE70C980168012040F273
:1036C000A042C4F20202914207900CD0FFE70C988E
:1036D00000684FF64831CBF6FD710844B0FA80F02F
:1036E00040090790FFE70798C007002800F079819C
:1036F000FFE70C98406A08B1FFE7FFE70C9902204A
:1037000081F83500FFE70C99002081F83400FFE7CD
:103710000C9800681021C4F20201884200F08180F8
:10372000FFE70C9800682821C4F20201884278D093
:10373000FFE70C9800684021C4F20201884270D073
:10374000FFE70C9800685821C4F20201884268D053
:10375000FFE70C9800687021C4F20201884260D033
:10376000FFE70C9800688821C4F20201884258D013
:10377000FFE70C980068A021C4F20201884250D0F3
:10378000FFE70C980068B821C4F20201884248D0D3
:10379000FFE70C98006840F21041C4F20201884231
:1037A0003FD0FFE70C98006840F22841C4F20201C4
:1037B000884236D0FFE70C98006840F24041C4F2DE
:1037C000020188422DD0FFE70C98006840F2584172
:1037D000C4F20201884224D0FFE70C98006840F24E
:1037E0007041C4F2020188421BD0FFE70C980068C8
:1037F00040F28841C4F20201884212D0FFE70C98DF
:10380000006840F2A041C4F20201884209D0FFE7FB
:103810000C98006840F2B841C4F20201884207D116
:10382000FFE70C980168086820F00100086006E0D6
:103830000C980168086820F001000860FFE7FFE7C6
:103840000C9800680068C00798B1FFE701F014F910
:103850000A99401A06280BD3FFE70C9920204865E7
:103860000C99032081F8350001208DF837002CE3F6
:10387000E6E70C98006800680B900B9848F23F014F
:10388000CFF6106108400B900C998868D1F80CC0F5
:103890000B694A6940EA0C00184310438A691043D7
:1038A000CA691043096A01430B9808430B900C98AE
:1038B000406A042808D1FFE70C99C86A096B0143E4
:1038C0000B9808430B90FFE741F20000C5F600405B
:1038D00000684FF6FF718843B0F1005F40D3FFE707
:1038E0000C984068292807D3FFE70C98416801200D
:1038F0002F2906902AD3FFE70C9840683F2807D36A
:10390000FFE70C9841680120432906901ED3FFE78A
:103910000C984068472807D3FFE70C9841680120BE
:103920004929069012D3FFE70C98416800204F29DF
:10393000059008D3FFE70C9841680020532938BF51
:1039400001200590FFE705980690FFE70698C0075D
:1039500028B1FFE70B9840F480100B90FFE7FFE7DA
:103960000B980C99096808600C98006840690B90E6
:103970000B9820F007000B900C98416A0B980843B5
:103980000B900C98406A04281AD1FFE70C98816AC2
:103990000B9808430B900C98C06A80B1FFE70C9815
:1039A000FDF7BEF950B1FFE70C99402048650C992E
:1039B000012081F835008DF8370086E2FFE7FFE748
:1039C0000B980C99096848610C98FCF76DFF0990F9
:1039D0000C98C06D00F01F013F2088400999886055
:1039E00026E10C980168012045F20842C5F6020262
:1039F000914204904ED0FFE70C980168012045F2F7
:103A00001C42C5F602029142049043D0FFE70C9895
:103A10000168012045F23042C5F60202914204904D
:103A200038D0FFE70C980168012045F24442C5F602
:103A30000202914204902DD0FFE70C98016801200A
:103A400045F25842C5F602029142049022D0FFE7A7
:103A50000C980168012045F26C42C5F602029142C1
:103A6000049017D0FFE70C980168012045F28042CE
:103A7000C5F60202914204900CD0FFE70C98006852
:103A80004AF66C31CAF2FD710844B0FA80F0400980
:103A90000490FFE70498C007002800F0BD80FFE70E
:103AA0000C980168012045F20842C5F602029142D5
:103AB00003904ED0FFE70C980168012045F21C42AC
:103AC000C5F602029142039043D0FFE70C980168CB
:103AD000012045F23042C5F602029142039038D0EF
:103AE000FFE70C980168012045F24442C5F6020246
:103AF000914203902DD0FFE70C980168012045F218
:103B00005842C5F602029142039022D0FFE70C987A
:103B10000168012045F26C42C5F602029142039011
:103B200017D0FFE70C980168012045F28042C5F6E6
:103B30000202914203900CD0FFE70C9800684AF60D
:103B40006C31CAF2FD710844B0FA80F0400903906C
:103B5000FFE70398C00708B1FFE7FFE70C990220D1
:103B600081F83500FFE70C99002081F83400FFE769
:103B70000C98006800680B900B986FF310100B9076
:103B80000C988068402803D1FFE71020029008E0DD
:103B90000C9880688038B0FA80F040098003029069
:103BA000FFE702980C99CA680B69D1F814C0D1F8E4
:103BB00018E0CC694EEA040E4CEA0E0C43EA0C0302
:103BC0001A4340EAD200096A40EA11110B980843EF
:103BD0000B900B980C99096808600C9908684AF6D4
:103BE000F832CAF2FD7210444CF6CD42CCF6CC420B
:103BF000A0FB02026FF0030000EA9200C8650C9877
:103C0000FCF752FE08900C98C06D00F01F010120D7
:103C10008840089948600AE00C99402048650C9952
:103C2000032081F8350001208DF837004DE1FFE7D2
:103C30000C98016801201022C4F202029142019006
:103C400000F00381FFE70C98016801202822C4F2EC
:103C500002029142019000F0F880FFE70C980168A1
:103C600001204022C4F202029142019000F0ED8056
:103C7000FFE70C98016801205822C4F20202914229
:103C8000019000F0E280FFE70C98016801207022AB
:103C9000C4F202029142019000F0D780FFE70C9835
:103CA000016801208822C4F202029142019000F0D2
:103CB000CC80FFE70C9801680120A022C4F2020228
:103CC0009142019000F0C180FFE70C98016801204B
:103CD000B822C4F202029142019000F0B680FFE7E0
:103CE0000C980168012040F21042C4F20202914295
:103CF000019000F0AA80FFE70C980168012040F2D3
:103D00002842C4F202029142019000F09E80FFE737
:103D10000C980168012040F24042C4F20202914234
:103D2000019000F09280FFE70C980168012040F2BA
:103D30005842C4F202029142019000F08680FFE7EF
:103D40000C980168012040F27042C4F202029142D4
:103D500001907AD0FFE70C980168012040F2884278
:103D6000C4F20202914201906FD0FFE70C98016803
:103D7000012040F2A042C4F202029142019064D0BC
:103D8000FFE70C980168012040F2B842C4F2020239
:103D90009142019059D0FFE70C980168012045F24B
:103DA0000842C5F60202914201904ED0FFE70C98FE
:103DB0000168012045F21C42C5F6020291420190C1
:103DC00043D0FFE70C980168012045F23042C5F668
:103DD00002029142019038D0FFE70C98016801205F
:103DE00045F24442C5F60202914201902DD0FFE710
:103DF0000C980168012045F25842C5F60202914232
:103E0000019022D0FFE70C980168012045F26C4236
:103E1000C5F602029142019017D0FFE70C980168A5
:103E2000012045F28042C5F60202914201900CD079
:103E3000FFE70C9800684AF66C31CAF2FD7108443D
:103E4000B0FA80F040090190FFE70198C00790B3F5
:103E5000FFE70C98FCF710FE0C988068802804D1CE
:103E6000FFE70C9900204860FFE70C990879096E7C
:103E700008600C98416E806E48600C98406888B16C
:103E8000FFE70C98406808280CD8FFE70C98FCF76F
:103E9000AFFE0C98C16E002008600C98016F406F57
:103EA000486007E00C990020C8660C9908670C99D7
:103EB0004867FFE7FFE70C99002048650C9A01214D
:103EC00082F835108DF83700FFE79DF837000EB007
:103ED00010BD00000000000080B588B0069005917C
:103EE0000492039300208DF80B00069820B9FFE799
:103EF00001208DF81F006CE3FFE7069890F834006E
:103F0000012804D1FFE702208DF81F0061E3069924
:103F1000012081F83400FFE7FFE7069890F83500AC
:103F2000012840F04383FFE70699022081F835001D
:103F3000069900204865069800681021C4F2020125
:103F4000884200F08180FFE7069800682821C4F2CB
:103F50000201884278D0FFE7069800684021C4F249
:103F60000201884270D0FFE7069800685821C4F229
:103F70000201884268D0FFE7069800687021C4F209
:103F80000201884260D0FFE7069800688821C4F2E9
:103F90000201884258D0FFE706980068A021C4F2C9
:103FA0000201884250D0FFE706980068B821C4F2A9
:103FB0000201884248D0FFE70698006840F21041AD
:103FC000C4F2020188423FD0FFE70698006840F241
:103FD0002841C4F20201884236D0FFE70698006803
:103FE00040F24041C4F2020188422DD0FFE706981A
:103FF000006840F25841C4F20201884224D0FFE731
:104000000698006840F27041C4F2020188421BD059
:10401000FFE70698006840F28841C4F20201884236
:1040200012D0FFE70698006840F2A041C4F20201F6
:10403000884209D0FFE70698006840F2B841C4F210
:104040000201884207D1FFE706980168086820F05E
:104050000100086006E006980168086820F0010089
:104060000860FFE706980599049A039BFCF7D0FEC9
:104070000698016801201022C4F2020291420190C8
:1040800000F0A380FFE70698016801202822C4F20F
:1040900002029142019000F09880FFE706980168C3
:1040A00001204022C4F202029142019000F08D8072
:1040B000FFE70698016801205822C4F202029142EB
:1040C000019000F08280FFE70698016801207022CD
:1040D000C4F202029142019077D0FFE7069801688E
:1040E00001208822C4F20202914201906DD0FFE7C4
:1040F000069801680120A022C4F2020291420190B8
:1041000063D0FFE7069801680120B822C4F20202DA
:104110009142019059D0FFE706980168012040F2D2
:104120001042C4F20202914201904ED0FFE706987D
:104130000168012040F22842C4F20202914201903B
:1041400043D0FFE706980168012040F24042C4F2E4
:1041500002029142019038D0FFE7069801680120E1
:1041600040F25842C4F20202914201902DD0FFE782
:1041700006980168012040F27042C4F202029142A6
:10418000019022D0FFE706980168012040F28842A2
:10419000C4F202029142019017D0FFE7069801682D
:1041A000012040F2A042C4F20202914201900CD0E0
:1041B000FFE7069800684FF64831CBF6FD710844DA
:1041C000B0FA80F040090190FFE70198C007A8B15C
:1041D000FFE70698006800680B2161F34400069928
:1041E000096808600698006C38B1FFE70698016816
:1041F000086840F008000860FFE714E006980068CF
:104200000068052161F34300069909680860069873
:10421000006C38B1FFE706980168086840F00400B8
:104220000860FFE7FFE70698016801201022C4F24A
:1042300002029142009000F00381FFE706980168B6
:1042400001202822C4F202029142009000F0F8807E
:10425000FFE70698016801204022C4F20202914261
:10426000009000F0ED80FFE70698016801205822D9
:10427000C4F202029142009000F0E280FFE706984B
:10428000016801207022C4F202029142009000F005
:10429000D780FFE70698016801208822C4F2020255
:1042A0009142009000F0CC80FFE706980168012061
:1042B000A022C4F202029142009000F0C180FFE708
:1042C000069801680120B822C4F2020291420090CF
:1042D00000F0B680FFE706980168012040F2104226
:1042E000C4F202029142009000F0AA80FFE7069813
:1042F0000168012040F22842C4F20202914200907B
:1043000000F09E80FFE706980168012040F24042DD
:10431000C4F202029142009000F09280FFE70698FA
:104320000168012040F25842C4F20202914200901A
:1043300000F08680FFE706980168012040F2704295
:10434000C4F20202914200907AD0FFE70698016819
:10435000012040F28842C4F20202914200906FD0E4
:10436000FFE706980168012040F2A042C4F2020271
:104370009142009064D0FFE706980168012040F266
:10438000B842C4F202029142009059D0FFE7069869
:104390000168012045F20842C5F6020291420090F0
:1043A0004ED0FFE706980168012045F21C42C5F691
:1043B00002029142009043D0FFE706980168012075
:1043C00045F23042C5F602029142009038D0FFE734
:1043D00006980168012045F24442C5F60202914266
:1043E00000902DD0FFE706980168012045F2584261
:1043F000C5F602029142009022D0FFE706980168BC
:10440000012045F26C42C5F602029142009017D09D
:10441000FFE706980168012045F28042C5F60202D6
:10442000914200900CD0FFE7069800684AF66C3184
:10443000CAF2FD710844B0FA80F040090090FFE72D
:104440000098C007D0B1FFE70698006E0068C0036F
:10445000002807D5FFE70698016E086840F48070D1
:104460000860FFE70698C06E38B1FFE70698C16E96
:10447000086840F480700860FFE7FFE7069800686E
:104480001021C4F20201884200F08180FFE7069803
:1044900000682821C4F20201884278D0FFE706981C
:1044A00000684021C4F20201884270D0FFE70698FC
:1044B00000685821C4F20201884268D0FFE70698DC
:1044C00000687021C4F20201884260D0FFE70698BC
:1044D00000688821C4F20201884258D0FFE706989C
:1044E0000068A021C4F20201884250D0FFE706987C
:1044F0000068B821C4F20201884248D0FFE706985C
:10450000006840F21041C4F2020188423FD0FFE748
:104510000698006840F22841C4F20201884236D071
:10452000FFE70698006840F24041C4F20201884269
:104530002DD0FFE70698006840F25841C4F202010E
:10454000884224D0FFE70698006840F27041C4F228
:10455000020188421BD0FFE70698006840F28841BC
:10456000C4F20201884212D0FFE70698006840F2C8
:10457000A041C4F20201884209D0FFE70698006812
:1045800040F2B841C4F20201884207D1FFE7069821
:104590000168086840F00100086006E006980168BC
:1045A000086840F001000860FFE70DE006994FF44D
:1045B00000604865FFE70699002081F83400FFE7B6
:1045C00001208DF80B00FFE79DF80B008DF81F0010
:1045D000FFE79DF81F0008B080BD0000000000004C
:1045E00080B584B0039000F047FA029003980190E0
:1045F0000198013048B1FFE740F22800C2F20040C4
:104600000178019808440190FFE7FFE700F034FAD1
:104610000299401A0199884201D2FFE7F6E704B0F7
:1046200080BD00000000000081B0ADF8020001B0C4
:10463000704700000000000080B582B0ADF80600B1
:104640008820C5F600000068BDF8061008420BD0AF
:10465000FFE7BDF806008821C5F600010860BDF837
:104660000600FFF7E1FFFFE702B080BD0000000099
:1046700090B00F900E9100200D908020C5F60000A4
:104680000A90FFE70E9800680D99C840002800F0D6
:10469000CF81FFE70E9800680D9A012191400840F4
:1046A0000C900C98002800F0BF81FFE70E9840683E
:1046B00000F00300012807D0FFE70E98406800F0E3
:1046C000030002282FD1FFE70F9880680B900D9808
:1046D0004100032000FA01F10B9888430B900E98DB
:1046E000C0680D99490000FA01F10B9808430B903E
:1046F0000B980F9988600F9840680B900D990120D6
:1047000000FA01F10B9888430B900E984068C0F3B3
:1047100000100D9900FA01F10B9808430B900B98CB
:104720000F994860FFE70E98406800F003000328E7
:1047300018D0FFE70F98C0680B900D984100032038
:1047400000FA01F10B9888430B900E9880680D9940
:10475000490000FA01F10B9808430B900B980F9950
:10476000C860FFE70E98406800F00300022826D1D9
:10477000FFE70F980D996FF0030202EA5101084418
:10478000006A0B900D9800F0070081000F2000FADE
:1047900001F10B9888430B900E9800690D9901F078
:1047A0000701890000FA01F10B9808430B900B9860
:1047B0000F990D9B02EA530211440862FFE70F981C
:1047C00000680B900D984100032000FA01F10B984E
:1047D00088430B900E98406800F003000D99490043
:1047E00000FA01F10B9808430B900B980F990860A1
:1047F0000E9880798007002800F01581FFE7FFE719
:1048000044F2F440C5F60200016841F00201016083
:10481000006800F0020009900998FFE70D9820F069
:10482000030040F20841C5F6000140580B900D9876
:1048300000F0030081000F2000FA01F10B9888437B
:104840000B900F980021C5F60201884203D1FFE7C3
:10485000002008907AE00F9840F20041C5F602016E
:10486000884203D1FFE7012007906CE00F9840F6E3
:104870000001C5F60201884203D1FFE7022006903D
:104880005EE00F9840F60041C5F60201884203D170
:10489000FFE70320059050E00F9841F20001C5F6B4
:1048A0000201884203D1FFE70420049042E00F9800
:1048B00041F20041C5F60201884203D1FFE705201D
:1048C000039034E00F9841F60001C5F602018842DA
:1048D00003D1FFE70620029026E00F9841F6004141
:1048E000C5F60201884203D1FFE70720019018E0D6
:1048F0000F9842F20001C5F60201884203D1FFE79A
:10490000082000900AE00F9942F20042C5F6020228
:104910000A20914208BF09200090FFE7009801900B
:10492000FFE701980290FFE702980390FFE70398E2
:104930000490FFE704980590FFE705980690FFE7CD
:1049400006980790FFE707980890FFE708980D99E9
:1049500001F00301890000FA01F10B9808430B9064
:104960000B980D9921F0030140F20842C5F60002B0
:1049700088504FF0B04000680B900C990B9888431A
:104980000B900E988079C006002805D5FFE70C999A
:104990000B9808430B90FFE70B984FF0B04108606D
:1049A0000420C5F6000000680B900C990B98884312
:1049B0000B900E9880798006002805D5FFE70C99AA
:1049C0000B9808430B90FFE70B980421C5F60001F4
:1049D00008600A9840680B900C990B9888430B90DC
:1049E0000E9880798007002805D5FFE70C990B9871
:1049F00008430B90FFE70B980A9948600A980068F3
:104A00000B900C990B9888430B900E988079C007F7
:104A100028B1FFE70C990B9808430B90FFE70B9820
:104A20000A990860FFE7FFE70D9801300D9029E62D
:104A300010B070470000000082B00190ADF8021085
:104A40008DF801209DF8010028B1FFE7BDF80200B4
:104A50000199886105E0BDF80200000401998861B0
:104A6000FFE702B07047000041F20000C5F60040C9
:104A70000068000C7047000044F28070C2F20040F1
:104A8000006870470000000083B001900091019819
:104A900090F8410020283BD1FFE7FFE7019890F80C
:104AA0004000012804D1FFE702208DF80B0033E01D
:104AB0000199012081F84000FFE7FFE701992420D8
:104AC00081F8410001980168086820F00100086041
:104AD00001980168086820F480500860009A0198E5
:104AE000016808681043086001980168086840F090
:104AF000010008600199202081F84100FFE7019939
:104B0000002081F84000FFE700208DF80B0003E053
:104B100002208DF80B00FFE79DF80B0003B07047F3
:104B200084B002900191029890F84100202840D171
:104B3000FFE7FFE7029890F84000012804D1FFE763
:104B400002208DF80F0038E00299012081F8400022
:104B5000FFE7FFE70299242081F8410002980168ED
:104B6000086820F001000860029800680068009062
:104B7000009820F4706000900199009840EA0120AC
:104B80000090009802990968086002980168086816
:104B900040F0010008600299202081F84100FFE701
:104BA0000299002081F84000FFE700208DF80F00F7
:104BB00003E002208DF80F00FFE79DF80F0004B01E
:104BC000704700000000000080B582B0009000989F
:104BD00020B9FFE701208DF807007BE0009890F8EE
:104BE000410040B9FFE70099002081F8400000989B
:104BF00000F0FAFAFFE70099242081F841000098BC
:104C00000168086820F001000860009801684068A9
:104C100020F07060086100980168886820F4004006
:104C200088600098C068012807D1FFE700980168F4
:104C3000806840F40040886006E000980168806861
:104C400040F404408860FFE70098C068022807D15C
:104C5000FFE700980168486840F40060486006E09B
:104C600000980168486820F400604860FFE70098F9
:104C70000168486848F20002C0F200221043486010
:104C800000980168C86820F40040C860009A116864
:104C9000106953699269184340EA0220C860009A7B
:104CA0001168D069126A10430860009801680868AA
:104CB00040F001000860009900204864009A20211B
:104CC00082F8411000990863009981F842008DF83C
:104CD0000700FFE79DF8070002B080BD000000005C
:104CE00010B588B084460C980B98DDF828E0CDF814
:104CF00018C0ADF81610ADF81420ADF81230ADF8AC
:104D00001000069890F84100202840F02681FFE727
:104D10000A9820B1FFE7BDF8100040B9FFE70699F7
:104D20004FF40070486401208DF81F0019E1FFE77F
:104D3000069890F84000012804D1FFE702208DF882
:104D40001F000EE10699012081F84000FFE7FFE710
:104D5000FFF792FE0390069803996A4611604FF49C
:104D600000410122192306F0B3FB20B1FFE7012027
:104D70008DF81F00F5E00699222081F84100069980
:104D8000402081F842000699002048640A99069A5A
:104D90005162BDF81010069A51850699486306982D
:104DA000BDF81610BDF81420BDF81230DDF830C083
:104DB000039CEE46CEF80440CEF800C006F09CFA04
:104DC00050B1FFE7FFE70699002081F84000FFE7B8
:104DD00001208DF81F00C4E00698408DB0F5807F5B
:104DE00014D3FFE70699FF2008850698BDF8161032
:104DF00090F82820EC4642F20043C8F20003CCF8B9
:104E000000304FF0807306F037FB14E00698408DB9
:104E1000069908850698BDF8161090F82820EC46EB
:104E200042F20043C8F20003CCF800304FF00073A8
:104E300006F022FBFFE7FFE706980C9B03996A4602
:104E400011600421002206F043FB20B1FFE701209E
:104E50008DF81F0085E006980068406A0699496A47
:104E600008700699486A013048620699088D013831
:104E700008850699488D013848850698408DE8B325
:104E8000FFE70698008DC8BBFFE706980C9B0399C7
:104E90006A4611608021002206F01AFB20B1FFE76C
:104EA00001208DF81F005CE00698408DB0F5807FF2
:104EB00011D3FFE70699FF2008850698BDF8161064
:104EC00090F82820EC460023CCF800304FF0807397
:104ED00006F0D2FA11E00698408D069908850698EA
:104EE000BDF8161090F82820EC460023CCF80030CE
:104EF0004FF0007306F0C0FAFFE7FFE7FFE7069800
:104F0000408D002898D1FFE706980C99039A06F087
:104F100043FB20B1FFE701208DF81F0021E0069838
:104F200001682020C86106990A6851684EF600039E
:104F3000CFF6006319405160069981F84100069947
:104F4000002081F84200FFE70699002081F8400028
:104F5000FFE700208DF81F0003E002208DF81F00FE
:104F6000FFE79DF81F0008B010BD00000000000022
:104F700010B588B084460C980B98DDF828E0CDF881
:104F800018C0ADF81610ADF81420ADF81230ADF819
:104F90001000069890F84100202840F01B81FFE7A0
:104FA0000A9820B1FFE7BDF8100040B9FFE7069965
:104FB0004FF40070486401208DF81F000EE1FFE7F8
:104FC000069890F84000012804D1FFE702208DF8F0
:104FD0001F0003E10699012081F84000FFE7FFE789
:104FE000FFF74AFD0390069803996A4611604FF453
:104FF00000410122192306F06BFA20B1FFE70120DE
:105000008DF81F00EAE00699212081F841000699F9
:10501000402081F842000699002048640A99069AC7
:105020005162BDF81010069A51850699486306989A
:10503000BDF81610BDF81420BDF81230DDF830C0F0
:10504000039CEE46CEF80440CEF800C006F0B4F95A
:1050500050B1FFE7FFE70699002081F84000FFE725
:1050600001208DF81F00B9E00698408DB0F5807FD3
:1050700011D3FFE70699FF2008850698BDF81610A2
:1050800090F82820EC460023CCF800304FF08073D5
:1050900006F0F2F911E00698408D06990885069809
:1050A000BDF8161090F82820EC460023CCF800300C
:1050B0004FF0007306F0E0F9FFE7FFE706980C9960
:1050C000039A06F0BDFA20B1FFE701208DF81F001A
:1050D00084E006980168406A007888620699486A08
:1050E000013048620699488D013848850699088D37
:1050F000013808850698408DE8B3FFE70698008DD3
:10510000C8BBFFE706980C9B03996A461160802193
:10511000002206F0DDF920B1FFE701208DF81F0025
:105120005CE00698408DB0F5807F11D3FFE70699CB
:10513000FF2008850698BDF8161090F82820EC4648
:105140000023CCF800304FF0807306F095F911E0A1
:105150000698408D069908850698BDF8161090F8B7
:105160002820EC460023CCF800304FF0007306F006
:1051700083F9FFE7FFE7FFE70698408D00289DD100
:10518000FFE706980C99039A06F006FA20B1FFE7AC
:1051900001208DF81F0021E0069801682020C861D9
:1051A00006990A6851684EF60003CFF6006319406D
:1051B0005160069981F841000699002081F842006B
:1051C000FFE70699002081F84000FFE700208DF8F6
:1051D0001F0003E002208DF81F00FFE79DF81F006D
:1051E00008B010BD0000000080B5B8B037900020B6
:1051F0003690359034903390329002A8C021FBF75E
:10520000B5F83798006845F20041C4F200018842C1
:105210003ED1FFE70020039008210291239002A8CD
:1052200000F042FC18B1FFE7FCF792F8FFE7FFE758
:1052300044F2E040C5F60200016841F0020101605D
:10524000006800F0020001900198FFE74FF4407001
:1052500032901220339001203490032035900420A6
:10526000369040F20040C5F6020032A9FFF700FA7E
:10527000FFE744F2E840C5F60200016841F400117E
:105280000160006800F4001000900098FFE7FFE75D
:1052900038B080BD0000000040F22800C2F200409B
:1052A000027844F28071C2F200410868104408603C
:1052B000704700000000000080B582B0032000F0BD
:1052C000EBF801F025FF44F21842C5F6020211681E
:1052D000C1F3032345F23851C0F60101CB5C03F062
:1052E0001F03D84000900098126802F00F02895CFA
:1052F00001F01F01C84040F21401C2F200410860F1
:10530000009840F21001C2F2004108600F2000F046
:1053100013F820B1FFE701208DF8070005E000F049
:105320007BF800208DF80700FFE79DF8070002B02A
:1053300080BD00000000000080B590B00E900E9877
:105340000F2810D8FFE70E9937200090002200F0B8
:105350008BF8009800F07CF80E9840F22C01C2F215
:105360000041086003E001208DF83F004EE0FFE7B8
:1053700044F2E840C5F60200016841F020010160F6
:10538000006800F0200001900198FFE706A802A93C
:1053900001F026FE0B980490049820B9FFE701F075
:1053A0008FFE059004E001F08BFE40000590FFE7C2
:1053B00005984DF68361C4F21B31A0FB01014FF04B
:1053C000FF3000EB9140039040F20040C2F20040F9
:1053D00041F20041C4F20001016040F2E731C160D6
:1053E0000399416000210161816003F04DFC48B9DF
:1053F000FFE740F20040C2F2004003F0D1FC8DF81C
:105400003F0003E001208DF83F00FFE79DF83F00DB
:1054100010B080BD0000000080B582B0FFE744F20C
:10542000F440C5F60200016841F002010160006825
:1054300000F0020001900198FFE76FF001000F21DA
:10544000002200F011F802B080BD00000000000052
:1054500080B582B0ADF80600BDF906000BF014F976
:1054600002B080BD0000000080B586B0ADF8160027
:10547000049103920BF020F90290BDF916000190FF
:1054800002980499039A07F09BFB014601980BF0E0
:105490001BF906B080BD000080B582B00190019874
:1054A0000BF05AF902B080BD80B584B0029044F68A
:1054B0000C00C5F60200006800F004010020B0EB0B
:1054C000910F13D1FFE744F60C00C5F60200006807
:1054D00000F007000299884204D0FFE701208DF810
:1054E0000F002EE000208DF80F002AE044F60C019A
:1054F000C5F60201086820F00700029A1043086010
:10550000FFF7BAFA0190FFE744F60400C5F602007F
:10551000006800F400510020B0EB513F0DD1FFE7CF
:10552000FFF7AAFA0199401AB0F57A7F04D9FFE78C
:1055300001208DF80F0004E0E6E700208DF80F0051
:10554000FFE79DF80F0004B080BD000000000000E0
:1055500080B501F089FD44F22041C5F602010968D9
:10556000C1F3021245F23851C0F60101895C01F025
:105570001F01C84080BD000088B0079044F2284059
:10558000C5F60200016801F0030106910068C0F34E
:105590000530059044F22C40C5F602000068C0F3C7
:1055A00000100490049844F23C41C5F602010968D9
:1055B00089B2C908484300EE100AB8EE400A8DEDE2
:1055C000020A0598002800F01181FFE70698009074
:1055D00048B1FFE70098012865D0FFE7009802284E
:1055E00000F08380A3E044F20040C5F602000068AA
:1055F00000F020010020B0EB511F31D0FFE744F252
:105600000040C5F602000068C0F3C10149F2000085
:10561000C0F2D030C84003909DED030AB8EE400AB6
:105620009DED051AB8EE411A80EE010A44F23840A9
:10563000C5F6020000686FF35F2001EE100AB8EEB5
:10564000411A9DED022A9FED6F3A02EE031AB7EE62
:10565000002A31EE021A20EE010A8DED010A21E046
:105660009DED050AB8EE401A9FED680A80EE010A2A
:1056700044F23840C5F6020000686FF35F2001EE87
:10568000100AB8EE411A9DED022A9FED5E3A02EE35
:10569000031AB7EE002A31EE021A20EE010A8DED50
:1056A000010AFFE765E09DED050AB8EE401A9FED9F
:1056B000560A80EE010A44F23840C5F6020000683E
:1056C0006FF35F2001EE100AB8EE411A9DED022A39
:1056D0009FED4C3A02EE031AB7EE002A31EE021AA1
:1056E00020EE010A8DED010A43E09DED050AB8EEBA
:1056F000401A9FED430A80EE010A44F23840C5F695
:10570000020000686FF35F2001EE100AB8EE411A44
:105710009DED022A9FED3B3A02EE031AB7EE002AF6
:1057200031EE021A20EE010A8DED010A21E09DED15
:10573000050AB8EE401A9FED340A80EE010A44F2E1
:105740003840C5F6020000686FF35F2001EE100AD2
:10575000B8EE411A9DED022A9FED2A3A02EE031A95
:10576000B7EE002A31EE021A20EE010A8DED010A91
:10577000FFE79DED010A44F23840C5F602000168DA
:1057800089B2490A01EE101AB8EE411AB7EE002AA2
:1057900031EE021A80EE010A0799BCEEC00A81EDD3
:1057A000000A9DED010A0168C1F3064101EE101ADD
:1057B000B8EE411A31EE021A80EE010A0799BCEEEA
:1057C000C00A81ED010A9DED010A0068C0F3066080
:1057D00001EE100AB8EE411A31EE021A80EE010A0B
:1057E0000798BCEEC00A80ED020A07E00799002086
:1057F00008600799486007998860FFE708B070471C
:105800000024F44A000000390024744A0024744C37
:1058100088B0079044F22840C5F60200016801F004
:10582000030106910068C0F30550059044F22C4036
:10583000C5F602000068C0F300200490049844F20A
:105840004441C5F60201096889B2C908484300EE1F
:10585000100AB8EE400A8DED020A0598002800F003
:105860001181FFE70698009048B1FFE700980128F2
:1058700065D0FFE70098022800F08380A3E044F29F
:105880000040C5F60200006800F020010020B0EBE7
:10589000511F31D0FFE744F20040C5F60200006816
:1058A000C0F3C10149F20000C0F2D030C8400390FB
:1058B0009DED030AB8EE400A9DED051AB8EE411AB7
:1058C00080EE010A44F24040C5F6020000686FF322
:1058D0005F2001EE100AB8EE411A9DED022A9FEDFD
:1058E0006F3A02EE031AB7EE002A31EE021A20EEEA
:1058F000010A8DED010A21E09DED050AB8EE401A7E
:105900009FED680A80EE010A44F24040C5F60200AD
:1059100000686FF35F2001EE100AB8EE411A9DEDAA
:10592000022A9FED5E3A02EE031AB7EE002A31EE2C
:10593000021A20EE010A8DED010AFFE765E09DEDF8
:10594000050AB8EE401A9FED560A80EE010A44F2AD
:105950004040C5F6020000686FF35F2001EE100AB8
:10596000B8EE411A9DED022A9FED4C3A02EE031A61
:10597000B7EE002A31EE021A20EE010A8DED010A7F
:1059800043E09DED050AB8EE401A9FED430A80EE14
:10599000010A44F24040C5F6020000686FF35F2040
:1059A00001EE100AB8EE411A9DED022A9FED3B3A36
:1059B00002EE031AB7EE002A31EE021A20EE010AB7
:1059C0008DED010A21E09DED050AB8EE401A9FED2C
:1059D000340A80EE010A44F24040C5F60200006835
:1059E0006FF35F2001EE100AB8EE411A9DED022A16
:1059F0009FED2A3A02EE031AB7EE002A31EE021AA0
:105A000020EE010A8DED010AFFE79DED010A44F247
:105A10004040C5F60200016889B2490A01EE101A39
:105A2000B8EE411AB7EE002A31EE021A80EE010AF2
:105A30000799BCEEC00A81ED000A9DED010A0168DC
:105A4000C1F3064101EE101AB8EE411A31EE021A06
:105A500080EE010A0799BCEEC00A81ED010A9DEDB6
:105A6000010A0068C0F3066001EE100AB8EE411AA0
:105A700031EE021A80EE010A0798BCEEC00A80EDF2
:105A8000020A07E007990020086007994860079913
:105A90008860FFE708B070470024F44A000000392E
:105AA0000024744A0024744C80B59AB018900020E9
:105AB0008DF857008DF856001898C0780007002818
:105AC00048D5FFE71898806E149078B1FFE71498D6
:105AD000B0F5801F13D0FFE71498B0F5001F16D063
:105AE000FFE71498B0F5401F19D019E044F22C419B
:105AF000C5F60201086840F40030086014E0189808
:105B00000830022107F090FC8DF857000CE018983F
:105B10002830022107F070FD8DF8570004E003E003
:105B200001208DF85700FFE79DF8570060B9FFE7A7
:105B300044F25041C5F60201086820F44010189A5A
:105B4000926E1043086004E09DF857008DF85600EF
:105B5000FFE7FFE718984078C007002840D0FFE72C
:105B60001898806D1390042820D81399DFE801F06D
:105B7000030C141C1D0044F22C41C5F602010868F8
:105B800040F40030086015E018980830002107F054
:105B90004BFC8DF857000DE018982830002107F0D5
:105BA0002BFD8DF8570005E004E003E001208DF89F
:105BB0005700FFE79DF8570060B9FFE744F25041F6
:105BC000C5F60201086820F00700189A926D10438C
:105BD000086004E09DF857008DF85600FFE7FFE7E6
:105BE00018984078800700284BD5FFE71898C06DBB
:105BF000129088B1FFE71298402816D0FFE712985C
:105C000080281AD0FFE71298C0281ED0FFE712980C
:105C1000B0F5807F1AD01AE044F22C41C5F602019B
:105C2000086840F40030086015E01898083000213A
:105C300007F0FAFB8DF857000DE018982830002186
:105C400007F0DAFC8DF8570005E004E003E00120DE
:105C50008DF85700FFE79DF8570060B9FFE744F261
:105C60005041C5F60201086820F4E070189AD26D20
:105C70001043086004E09DF857008DF85600FFE7D8
:105C8000FFE7189840784007002850D5FFE718989C
:105C9000D0F8A8001190A0B1FFE71198B0F5001F4F
:105CA00018D0FFE71198B0F5800F1BD0FFE71198CF
:105CB000B0F5C00F1ED0FFE71198B0F5000F1AD055
:105CC0001AE044F22C41C5F60201086840F40030A5
:105CD000086015E018980830002107F0A5FB8DF842
:105CE00057000DE018982830002107F085FC8DF84A
:105CF000570005E004E003E001208DF85700FFE7BE
:105D00009DF8570068B9FFE744F25841C5F6020113
:105D1000086820F46000189AD2F8A82010430860A0
:105D200004E09DF857008DF85600FFE7FFE718984C
:105D300040780007002850D5FFE71898D0F8AC004D
:105D40001090A0B1FFE71098B0F1807F18D0FFE766
:105D50001098B0F1007F1BD0FFE71098B0F1407FA2
:105D60001ED0FFE71098B0F1806F1AD01AE044F20D
:105D70002C41C5F60201086840F40030086015E0C7
:105D800018980830002107F04FFB8DF857000DE000
:105D900018982830002107F02FFC8DF8570005E0F7
:105DA00004E003E001208DF85700FFE79DF857005D
:105DB00068B9FFE744F25841C5F60201086820F0CF
:105DC000E060189AD2F8AC201043086004E09DF817
:105DD00057008DF85600FFE7FFE71898C078800756
:105DE00000283ED5FFE71898C06C0F90F0B1FFE790
:105DF0000F98102808D0FFE70F9820280DD0FFE754
:105E00000F98302811D012E044F22C41C5F602015F
:105E1000086840F4003008600DE01898083002214E
:105E200007F002FB8DF8570005E004E003E00120D5
:105E30008DF85700FFE79DF8570060B9FFE744F27F
:105E40004C41C5F60201086820F03000189AD26C67
:105E50001043086004E09DF857008DF85600FFE7F6
:105E6000FFE718984078C00600284ED5FFE718983D
:105E7000006E0E90A0B1FFE70E98B0F5805F18D0CD
:105E8000FFE70E98B0F5005F1BD0FFE70E98B0F566
:105E9000405F1ED0FFE70E98B0F5804F1AD01AE091
:105EA00044F22C41C5F60201086840F40030086055
:105EB00015E018980830002107F0B6FA8DF8570061
:105EC0000DE018982830002107F096FB8DF8570058
:105ED00005E004E003E001208DF85700FFE79DF89E
:105EE000570060B9FFE744F25041C5F60201086867
:105EF00020F4E040189A126E1043086004E09DF808
:105F000057008DF85600FFE7FFE7189840788006A5
:105F100000284CD5FFE71898406E0D90C8B1FFE7F8
:105F20000D98B0F5803F15D0FFE70D98B0F5003F14
:105F300018D0FFE70D98B0F5403F1BD0FFE70D9854
:105F4000B0F5802F17D0FFE70D98B0F5A02F13D034
:105F500013E016E018980830012107F065FA8DF873
:105F600057000EE018982830012107F045FB8DF806
:105F7000570006E005E004E003E001208DF857003B
:105F8000FFE79DF8570060B9FFE744F25041C5F6BE
:105F90000201086820F4E020189A526E104308604D
:105FA00004E09DF857008DF85600FFE7FFE71898CA
:105FB0004078400600284ED5FFE71898D0F8B0008A
:105FC0000C90C8B1FFE70C98B0F1805F15D0FFE7E7
:105FD0000C98B0F1005F18D0FFE70C98B0F1405F6B
:105FE0001BD0FFE70C98B0F1804F17D0FFE70C985B
:105FF000B0F1A04F13D013E016E01898083001213B
:1060000007F012FA8DF857000EE018982830012199
:1060100007F0F2FA8DF8570006E005E004E003E02F
:1060200001208DF85700FFE79DF8570068B9FFE79A
:1060300044F25841C5F60201086820F0E040189A81
:10604000D2F8B0201043086004E09DF857008DF8A6
:106050005600FFE7FFE718984078000600283BD578
:10606000FFE71898006F0B90D8B1FFE70B98B0F1DD
:10607000805F05D0FFE70B98B0F1005F09D011E019
:1060800044F22C41C5F60201086840F40030086073
:106090000CE018980830012107F0C6F98DF8570078
:1060A00004E003E001208DF85700FFE79DF857005A
:1060B00060B9FFE744F25041C5F60201086820F0DC
:1060C0004050189A126F1043086004E09DF8570082
:1060D0008DF85600FFE7FFE71898C078C007002842
:1060E00037D0FFE71898806C0A90032817D80A99D0
:1060F000DFE801F014020B1344F22C41C5F6020153
:10610000086840F4003008600DE01898083002215B
:1061100007F08AF98DF8570005E004E003E001205C
:106120008DF85700FFE79DF8570060B9FFE744F28C
:106130004C41C5F60201086820F00300189A926CE1
:106140001043086004E09DF857008DF85600FFE703
:10615000FFE7189880784006002840F1B480FFE7F8
:1061600044F60001C5F60201086840F4807008603A
:10617000FEF782FC1690FFE744F60000C5F6020029
:106180000068C00500280CD4FFE7FEF775FC1699DF
:10619000401A652804D3FFE703208DF8570000E07C
:1061A000EAE79DF85700002840F08780FFE744F2B7
:1061B0007040C5F60200006800F440701899D1F8EC
:1061C000B41001F44071884213D0FFE744F27041EB
:1061D000C5F60201086820F440701790086840F482
:1061E00080300860086820F48030086017980860E4
:1061F000FFE71898D0F8B400B0F5807F1FD1FFE713
:10620000FEF73AFC1690FFE744F27040C5F6020034
:10621000006800F002010020B0EB510F0ED1FFE743
:10622000FEF72AFC1699401A41F28931884204D3BC
:10623000FFE703208DF8570000E0E5E7FFE79DF852
:106240005700A0BBFFE7FFE71898D0F8B40000F4B0
:106250004070B0F5407F13D1FFE744F21041C5F61E
:106260000201086820F47C50189AD2F8B4204FF646
:10627000F043C0F6FF731A4040EA1210086008E0CD
:1062800044F21041C5F60201086820F47C50086011
:10629000FFE71898D0F8B4206FF31F3244F2704132
:1062A000C5F60201086810430860FFE704E09DF8A6
:1062B00057008DF85600FFE704E09DF857008DF871
:1062C0005600FFE7FFE718980068C007002800F0B5
:1062D0004C80FFE71898C06F099028282BD809999F
:1062E000DFE801F015292929292929291629292931
:1062F000292929291E29292929292929262929291C
:10630000292929292729292929292929280016E085
:1063100018980830012107F087F88DF857000EE033
:1063200018982830012107F067F98DF8570006E02A
:1063300005E004E003E001208DF85700FFE79DF839
:10634000570060B9FFE744F25441C5F602010868FE
:1063500020F03800189AD26F1043086004E09DF8CE
:1063600057008DF85600FFE7FFE718980078800780
:10637000002839D5FFE71898806F0890052819D8AC
:106380000899DFE801F003040C14151616E01898BC
:106390000830012107F048F88DF857000EE01898F2
:1063A0002830012107F028F98DF8570006E005E0B4
:1063B00004E003E001208DF85700FFE79DF8570047
:1063C00060B9FFE744F25441C5F60201086820F0C5
:1063D0000700189A926F1043086004E09DF8570078
:1063E0008DF85600FFE7FFE718980078400700286F
:1063F0003BD5FFE71898D0F894000790052819D8E6
:106400000799DFE801F003040C14151616E018983C
:106410000830012107F008F88DF857000EE01898B1
:106420002830012107F0E8F88DF8570006E005E074
:1064300004E003E001208DF85700FFE79DF85700C6
:1064400068B9FFE744F25841C5F60201086820F038
:106450000700189AD2F894201043086004E09DF8D1
:1064600057008DF85600FFE7FFE718980078800680
:1064700000284ED5FFE71898D0F890000690C8B1D4
:10648000FFE70698B0F1805F15D0FFE70698B0F1FE
:10649000005F18D0FFE70698B0F1405F1BD0FFE720
:1064A0000698B0F1804F17D0FFE70698B0F1A04FE3
:1064B00013D013E016E018980830002106F0B4FF5E
:1064C0008DF857000EE018982830022107F094F854
:1064D0008DF8570006E005E004E003E001208DF8A8
:1064E0005700FFE79DF8570068B9FFE744F25441B1
:1064F000C5F60201086820F0E040189AD2F8902012
:106500001043086004E09DF857008DF85600FFE73F
:10651000FFE718980078400600284ED5FFE7189846
:10652000D0F89C000590C8B1FFE70598B0F5806FE2
:1065300015D0FFE70598B0F5006F18D0FFE7059874
:10654000B0F5406F1BD0FFE70598B0F5805F17D01E
:10655000FFE70598B0F5A05F13D013E016E0189898
:106560000830002106F060FF8DF857000EE0189803
:106570002830022107F040F88DF8570006E005E0CA
:1065800004E003E001208DF85700FFE79DF8570075
:1065900068B9FFE744F25841C5F60201086820F4E3
:1065A000E050189AD2F89C201043086004E09DF84F
:1065B00057008DF85600FFE7FFE7189800780006AF
:1065C00000284ED5FFE71898D0F8A0000490C8B175
:1065D000FFE70498B0F5005F15D0FFE70498B0F529
:1065E000804F18D0FFE70498B0F5C04F1BD0FFE7ED
:1065F0000498B0F5004F17D0FFE70498B0F5204F8E
:1066000013D013E016E018980830002106F00CFFB4
:106610008DF857000EE018982830022106F0ECFFA4
:106620008DF8570006E005E004E003E001208DF856
:106630005700FFE79DF8570068B9FFE744F258415B
:10664000C5F60201086820F46040189AD2F8A0202C
:106650001043086004E09DF857008DF85600FFE7EE
:10666000FFE7189800780007002820D5FFE7189862
:10667000D0F88400B0F5805F0CD1FFE7189828307F
:10668000022106F0B9FF20B1FFE701208DF8560086
:10669000FFE7FFE744F25441C5F60201086820F421
:1066A0004050189AD2F8842010430860FFE71898E9
:1066B0000078C006002820D5FFE71898D0F8980089
:1066C000B0F5807F0CD1FFE718982830022106F042
:1066D00093FF20B1FFE701208DF85600FFE7FFE7A9
:1066E00044F25841C5F60201086820F44070189A37
:1066F000D2F8982010430860FFE7189880780007C8
:1067000000283CD5FFE71898D0F8A400039050B1BA
:10671000FFE70398B0F5803F0DD0FFE70398B0F591
:10672000003F10D010E018980830002106F07CFEE1
:106730008DF857000CE018982830022106F05CFF15
:106740008DF8570004E003E001208DF85700FFE7C3
:106750009DF8570068B9FFE744F25841C5F60201B9
:10676000086820F44030189AD2F8A420104308603A
:1067700004E09DF857008DF85600FFE7FFE71898F2
:106780008078400700283FD5FFE71898D0F88800A8
:106790000290B0F5801F0AD0FFE70298B0F5001F05
:1067A0000ED0FFE70298B0F5401F11D011E044F27F
:1067B0002C41C5F60201086840F4003008600CE086
:1067C00018982830012106F017FF8DF8570004E0D3
:1067D00003E001208DF85700FFE79DF8570068B9E6
:1067E000FFE744F25441C5F60201086820F4401066
:1067F000189AD2F888201043086004E09DF85700EA
:106800008DF85600FFE7FFE718988078C007A8B317
:10681000FFE71898006D019028B1FFE70198B0F5E7
:10682000803F09D010E044F22C41C5F6020108680F
:1068300040F4003008600BE018980830022106F0A0
:10684000F3FD8DF8570003E001208DF85700FFE7B6
:106850009DF8570060B9FFE744F24C41C5F60201CC
:10686000086820F48030189A126D1043086004E024
:106870009DF857008DF85600FFE7FFE71898C0789D
:10688000800600280CD5FFE718982830022106F072
:10689000B3FE20B1FFE701208DF85600FFE7FFE7C8
:1068A00018988078800700283CD5FFE71898D0F822
:1068B00080000090D0B1FFE70098B0F5807F0AD04B
:1068C000FFE70098B0F5007F0ED0FFE70098B0F525
:1068D000407F0AD00BE044F22C41C5F60201086863
:1068E00040F40030086006E005E004E003E0012029
:1068F0008DF85700FFE79DF8570068B9FFE744F2AD
:106900005441C5F60201086820F44070189AD2F884
:1069100080201043086004E09DF857008DF8560071
:10692000FFE7FFE718988078C00600280CD5FFE73E
:1069300044F25041C5F60201086820F00040189A60
:10694000526F10430860FFE71898C078C00600280F
:106950000DD5FFE744F21041C5F60201086820F4A6
:106960008040189AD2F8B82010430860FFE71898C2
:106970008078800600280CD5FFE744F25041C5F628
:106980000201086820F08070189AD26E10430860E7
:10699000FFE71898C0784006002811D5FFE7FFE709
:1069A00044F21041C5F60201086820F40040086076
:1069B0001898D0F8BC20086810430860FFE7FFE78C
:1069C0001898C078000600280CD5FFE744F24C4127
:1069D000C5F60201086820F04050189A526D104325
:1069E0000860FFE718988078000600280DD5FFE7BB
:1069F00044F25441C5F60201086820F44000189A98
:106A0000D2F88C2010430860FFE718980079C0077F
:106A100090B1FFE718980830002106F005FD8DF8C9
:106A200057009DF8570008B9FFE704E09DF85700AC
:106A30008DF85600FFE7FFE71898007980070028D7
:106A400012D5FFE718980830012106F0EDFC8DF80B
:106A500057009DF8570008B9FFE704E09DF857007C
:106A60008DF85600FFE7FFE71898007940070028E7
:106A700012D5FFE718980830022106F0D5FC8DF8F2
:106A800057009DF8570008B9FFE704E09DF857004C
:106A90008DF85600FFE7FFE71898007900070028F7
:106AA00012D5FFE718982830002106F0A5FD8DF8D3
:106AB00057009DF8570008B9FFE704E09DF857001C
:106AC0008DF85600FFE7FFE718980079C006002808
:106AD00012D5FFE718982830012106F08DFD8DF8BA
:106AE00057009DF8570008B9FFE704E09DF85700EC
:106AF0008DF85600FFE7FFE7189800798006002818
:106B000012D5FFE718982830022106F075FD8DF8A0
:106B100057009DF8570008B9FFE704E09DF85700BB
:106B20008DF85600FFE7FFE79DF8560020B9FFE714
:106B300000208DF8670003E001208DF86700FFE773
:106B40009DF867001AB080BD80B586B004900391AF
:106B5000049820B9FFE701208DF817003CE2039864
:106B600042F20001C5F20021096801F00F018842DC
:106B700016D9FFE742F20000C5F20020016821F0BB
:106B80000F01039A11430160006800F00F000399A0
:106B9000884204D0FFE701208DF817001CE2FFE7D0
:106BA000049800784007002819D5FFE70498006989
:106BB00044F21841C5F60201096801F070018842EB
:106BC0000CD9FFE744F21841C5F60201086820F02D
:106BD0007000049A126910430860FFE7FFE7049809
:106BE00000780007002819D5FFE70498406944F2AF
:106BF0001C41C5F60201096801F0700188420CD9F8
:106C0000FFE744F21C41C5F60201086820F070005D
:106C1000049A526910430860FFE7FFE70498007880
:106C2000C006002819D5FFE70498806944F21C418A
:106C3000C5F60201096801F4E06188420CD9FFE75A
:106C400044F21C41C5F60201086820F4E060049A91
:106C5000926910430860FFE7FFE704980078800618
:106C6000002819D5FFE70498C06944F22041C5F611
:106C70000201096801F0700188420CD9FFE744F273
:106C80002041C5F60201086820F07000049AD2691C
:106C900010430860FFE7FFE70498007880070028AA
:106CA00019D5FFE70498C06844F21841C5F60201FF
:106CB000096801F00F0188420CD9FFE744F218413E
:106CC000C5F60201086820F00F00049AD26810434C
:106CD0000860FFE7FFE704980078C007002800F08D
:106CE0008C80FFE744F21841C5F60201086820F4E1
:106CF0007060049A92681043086004984068022803
:106D000011D1FFE744F20040C5F60200006800F42C
:106D100000310020B0EB514F04D1FFE701208DF886
:106D2000170059E13EE004984068032811D1FFE7BD
:106D300044F20040C5F60200006800F00071002037
:106D4000B0EB516F04D1FFE701208DF8170043E14C
:106D500027E004984068012811D1FFE744F2004081
:106D6000C5F60200006800F480710020B0EB112F1E
:106D700004D1FFE701208DF817002DE110E044F267
:106D80000040C5F60200006800F004010020B0EBEE
:106D9000910F04D1FFE701208DF817001CE1FFE7F8
:106DA000FFE7FFE744F21041C5F60201086820F052
:106DB0000700049A526810430860FDF75DFE0190D9
:106DC000FFE744F21040C5F60200006800F038000A
:106DD00004994968B0EBC10F0ED0FFE7FDF74CFEF8
:106DE0000199401A41F28931884204D3FFE7032018
:106DF0008DF81700F0E0E4E7FFE7049800788007DB
:106E0000002819D5FFE70498C06844F21841C5F678
:106E10000201096801F00F0188420CD2FFE744F239
:106E20001841C5F60201086820F00F00049AD268E4
:106E300010430860FFE7FFE7039842F20001C5F244
:106E40000021096801F00F01884216D2FFE742F2E3
:106E50000000C5F20020016821F00F01039A1143E0
:106E60000160006800F00F000399884204D0FFE73A
:106E700001208DF81700AFE0FFE704980078400785
:106E8000002819D5FFE70498006944F21841C5F6B7
:106E90000201096801F0700188420CD2FFE744F258
:106EA0001841C5F60201086820F07000049A1269C2
:106EB00010430860FFE7FFE7049800780007002808
:106EC00019D5FFE70498406944F21C41C5F6020158
:106ED000096801F0700188420CD2FFE744F21C41BE
:106EE000C5F60201086820F07000049A5269104348
:106EF0000860FFE7FFE704980078C006002819D56E
:106F0000FFE70498806944F21C41C5F60201096854
:106F100001F4E06188420CD2FFE744F21C41C5F65F
:106F20000201086820F4E060049A92691043086046
:106F3000FFE7FFE7049800788006002819D5FFE7EF
:106F40000498C06944F22041C5F60201096801F0C5
:106F5000700188420CD2FFE744F22041C5F60201DD
:106F6000086820F07000049AD26910430860FFE7B7
:106F7000FFE700F0CDF844F21842C5F602021168AE
:106F8000C1F3032345F23851C0F60101CB5C03F095
:106F90001F03D84000900098126802F00F02895C2D
:106FA00001F01F01C84040F21401C2F20041086024
:106FB000009840F21001C2F20041086040F22C003B
:106FC000C2F200400068FEF7B7F98DF80B009DF89B
:106FD0000B008DF81700FFE79DF8170006B080BD85
:106FE00082B00190009101993F20086044F2104066
:106FF000C5F60200006800F007000199486044F2FD
:107000001840C5F60200016801F47061019A9160B0
:10701000016801F00F01019AD160006800F0700072
:107020000199086144F21C40C5F60200016801F0B4
:107030007001019A5161006800F4E0600199886173
:1070400044F22040C5F60200006800F0700001998B
:10705000C86142F20000C5F20020006800F00F0095
:107060000099086002B0704780B582B000F050F817
:1070700044F21842C5F602021168C1F3032345F237
:107080003851C0F60101CB5C03F01F03D8400190DA
:107090000198126802F00F02895C01F01F0120FACA
:1070A00001F140F21400C2F200400160019940F287
:1070B0001002C2F200421160006802B080BD000000
:1070C00080B5FFF7D1FF44F21C41C5F60201096803
:1070D000C1F3021245F23851C0F60101895C01F09A
:1070E0001F01C84080BD000080B5FFF7BDFF44F21E
:1070F0001C41C5F602010968C1F3022245F238516C
:10710000C0F60101895C01F01F01C84080BD00008C
:107110008AB044F21040C5F60200006800F0380062
:1071200001460191182800F25F810199DFE811F012
:1071300019005C015C015C015C015C015C015C01AB
:107140003A005C015C015C015C015C015C015C017A
:1071500040005C015C015C015C015C015C015C0164
:10716000460044F20040C5F60200006800F020012D
:107170000020B0EB511F0ED0FFE744F20040C5F6EF
:1071800002000068C0F3C10149F20000C0F2D03033
:10719000C840029005E049F20000C0F2D0300290F1
:1071A000FFE727E140F60010C0F23D00029021E128
:1071B00041F20020C0F27A0002901BE144F2284024
:1071C000C5F60200016801F0030108910068C0F3F0
:1071D0000510079044F22C40C5F60200006800F04C
:1071E00001000690069844F23441C5F60201096890
:1071F00089B2C908484300EE100AB8EE400A8DED86
:10720000040A0798002800F0EB80FFE70898009038
:1072100048B1FFE70098012865D0FFE700980228F1
:1072200000F08380A3E044F20040C5F6020000684D
:1072300000F020010020B0EB511F31D0FFE744F2F5
:107240000040C5F602000068C0F3C10149F2000029
:10725000C0F2D030C84005909DED050AB8EE400A56
:107260009DED071AB8EE411A80EE010A44F2304053
:10727000C5F6020000686FF35F2001EE100AB8EE59
:10728000411A9DED042A9FED5E3A02EE031AB7EE15
:10729000002A31EE021A20EE010A8DED030A21E0E8
:1072A0009DED070AB8EE401A9FED570A80EE010ADD
:1072B00044F23040C5F6020000686FF35F2001EE33
:1072C000100AB8EE411A9DED042A9FED4D3A02EEE8
:1072D000031AB7EE002A31EE021A20EE010A8DEDF4
:1072E000030AFFE765E09DED070AB8EE401A9FED3F
:1072F000450A80EE010A44F23040C5F602000068FB
:107300006FF35F2001EE100AB8EE411A9DED042ADA
:107310009FED3B3A02EE031AB7EE002A31EE021A55
:1073200020EE010A8DED030A43E09DED070AB8EE59
:10733000401A9FED320A80EE010A44F23040C5F651
:10734000020000686FF35F2001EE100AB8EE411AE8
:107350009DED042A9FED2A3A02EE031AB7EE002AA9
:1073600031EE021A20EE010A8DED030A21E09DEDB7
:10737000070AB8EE401A9FED230A80EE010A44F294
:107380003040C5F6020000686FF35F2001EE100A7E
:10739000B8EE411A9DED042A9FED193A02EE031A48
:1073A000B7EE002A31EE021A20EE010A8DED030A33
:1073B000FFE744F23040C5F60200006881B20120C8
:1073C00000EB512009909DED030A9DED091AB8EEDE
:1073D000411A80EE010ABCEEC00A8DED020A02E0FD
:1073E00000200290FFE705E040F60010C0F23D00EB
:1073F0000290FFE702980AB0704700BF0024F44AE9
:10740000000000390024744A0024744C000000007D
:1074100080B58CB00A900A9828B9FFE701208DF852
:107420002F0000F09DBD0A980078C007002800F0EA
:10743000B980FFE744F21040C5F60200006800F092
:107440003800069044F22840C5F602000068059016
:10745000069810280AD0FFE7069818281CD1FFE7E5
:10746000059800F00300022816D1FFE744F200401F
:10747000C5F60200006800F400310020B0EB514F67
:1074800009D0FFE70A98406828B9FFE701208DF886
:107490002F0000F065BD84E0FFE70A984068B0F572
:1074A000803F09D1FFE744F20041C5F602010868B8
:1074B00040F48030086032E00A98406868B9FFE71D
:1074C00044F20041C5F60201086820F480300860EB
:1074D000086820F48020086020E00A984068B0F531
:1074E000A02F0DD1FFE744F20041C5F60201086864
:1074F00040F480200860086840F4803008600CE0A8
:1075000044F20041C5F60201086820F480300860AA
:10751000086820F480200860FFE7FFE7FFE7FFE747
:107520000A984068F0B1FFE7FDF7A6FA0990FFE777
:1075300044F20040C5F60200006800F4003100206B
:10754000B0EB514F0DD1FFE7FDF796FA0999401ABC
:10755000652805D3FFE703208DF82F0000F000BD5C
:10756000E6E71DE0FDF788FA0990FFE744F20040E6
:10757000C5F60200006800F400310020B0EB514F66
:107580000DD0FFE7FDF778FA0999401A652805D371
:10759000FFE703208DF82F0000F0E2BCE6E7FFE7ED
:1075A000FFE7FFE70A9800788007002840F116817E
:1075B000FFE744F21040C5F60200006800F0380012
:1075C000049044F22840C5F6020000680390049835
:1075D00050B1FFE70498182878D1FFE79DF80C0018
:1075E0008007002872D1FFE744F20040C5F6020090
:1075F000006800F004010020B0EB910F09D0FFE714
:107600000A98C06828B9FFE701208DF82F0000F024
:10761000A7BC44F20041C5F60201086820F0190039
:107620000A9AD26810430860FDF726FA0990FFE72E
:1076300044F20040C5F60200006800F0040100209A
:10764000B0EB910F0DD1FFE7FDF716FA0999401A3B
:10765000032805D3FFE703208DF82F0000F080BC3E
:10766000E6E7FFE7FDF700FA41F2030188421DD883
:10767000FFE70A98006940280AD1FFE744F2044175
:10768000C5F602010868202262F3113008600CE0A0
:1076900044F20441C5F60201086820F47C300A9ADD
:1076A000126940EA02300860FFE70CE044F204414E
:1076B000C5F60201086820F0FE400A9A126940EA05
:1076C00002600860FFE7FFE7FFE786E00A98C0680E
:1076D00000285CD0FFE744F20041C5F602010868CB
:1076E00020F019000A9AD26810430860FDF7C4F927
:1076F0000990FFE744F20040C5F60200006800F080
:1077000004010020B0EB910F0DD1FFE7FDF7B4F9B4
:107710000999401A032805D3FFE703208DF82F00AD
:1077200000F01EBCE6E7FFE7FDF79EF941F203011A
:1077300088421DD8FFE70A98006940280AD1FFE770
:1077400044F20441C5F602010868202262F31130B8
:1077500008600CE044F20441C5F60201086820F418
:107760007C300A9A126940EA02300860FFE70CE0B8
:1077700044F20441C5F60201086820F0FE400A9A6E
:10778000126940EA02600860FFE7FFE724E044F284
:107790000041C5F60201086820F001000860FDF70D
:1077A0006BF90990FFE744F20040C5F6020000685B
:1077B00000F004010020B0EB910F0CD0FFE7FDF7C3
:1077C0005BF90999401A032804D3FFE703208DF8D9
:1077D0002F00C5E3E7E7FFE7FFE7FFE70A98007838
:1077E000C006002840F1EB80FFE744F21040C5F6E8
:1077F0000200006800F03800029044F22840C5F60C
:10780000020000680190029808280AD0FFE7029859
:10781000182850D1FFE7019800F0030001284AD151
:10782000FFE744F20040C5F60200006800F48071F2
:107830000020B0EB112F09D0FFE70A98C06980281B
:1078400004D0FFE701208DF82F0089E3FFE7FDF763
:107850000BF941F2030188421DD8FFE70A98006A3C
:1078600020280AD1FFE744F20441C5F60201086866
:10787000102262F39E6008600CE044F20441C5F6F9
:107880000201086820F0F8400A9A126A40EA826011
:107890000860FFE70CE044F20C41C5F602010868FD
:1078A00020F07C500A9A126A40EA02600860FFE702
:1078B000FFE7FFE782E00A98C069002858D0FFE799
:1078C00044F20041C5F60201086840F080000860FB
:1078D000FDF7D2F80990FFE744F20040C5F6020038
:1078E000006800F480710020B0EB112F0CD1FFE78D
:1078F000FDF7C2F80999401A032804D3FFE70320D3
:107900008DF82F002CE3E7E7FFE7FDF7ADF841F234
:10791000030188421DD8FFE70A98006A20280AD18F
:10792000FFE744F20441C5F602010868102262F341
:107930009E6008600CE044F20441C5F6020108684C
:1079400020F0F8400A9A126A40EA82600860FFE775
:107950000CE044F20C41C5F60201086820F07C50AE
:107960000A9A126A40EA02600860FFE7FFE724E033
:1079700044F20041C5F60201086820F0800008606A
:10798000FDF77AF80990FFE744F20040C5F60200DF
:10799000006800F480710020B0EB112F0CD0FFE7DD
:1079A000FDF76AF80999401A032804D3FFE703207A
:1079B0008DF82F00D4E2E7E7FFE7FFE7FFE70A983B
:1079C0000078000700284FD5FFE70A98406928B3E0
:1079D000FFE744F27441C5F60201086840F0010077
:1079E0000860FDF749F80990FFE744F27440C5F6D6
:1079F0000200006800F002010020B0EB510F0CD132
:107A0000FFE7FDF739F80999401A032804D3FFE787
:107A100003208DF82F00A3E2E7E724E044F274414D
:107A2000C5F60201086820F001000860FDF724F89F
:107A30000990FFE744F27440C5F60200006800F0C8
:107A400002010020B0EB510F0CD0FFE7FDF714F856
:107A50000999401A032804D3FFE703208DF82F006B
:107A60007EE2E7E7FFE7FFE70A9800788006002854
:107A70004FD5FFE70A98806928B3FFE744F2004139
:107A8000C5F60201086840F480500860FCF7F4FF76
:107A90000990FFE744F20040C5F60200006800F4D8
:107AA00000510020B0EB513F0CD1FFE7FCF7E4FFA1
:107AB0000999401A032804D3FFE703208DF82F000B
:107AC0004EE2E7E724E044F20041C5F6020108680F
:107AD00020F480500860FCF7CFFF0990FFE744F2E4
:107AE0000040C5F60200006800F400510020B0EB31
:107AF000513F0CD0FFE7FCF7BFFF0999401A03285C
:107B000004D3FFE703208DF82F0029E2E7E7FFE722
:107B1000FFE70A9800784007002840F1A780FFE7B8
:107B200044F60001C5F60201086840F48070086060
:107B3000FCF7A2FF0990FFE744F60000C5F602003B
:107B40000068C00500280CD4FFE7FCF795FF0999F1
:107B5000401A652804D3FFE703208DF82F00FFE1CA
:107B6000EAE7FFE70A988068012809D1FFE744F2B5
:107B70007041C5F60201086840F00100086031E07C
:107B80000A98806868B9FFE744F27041C5F60201BF
:107B9000086820F001000860086820F00400086010
:107BA0001FE00A98806805280DD1FFE744F2704174
:107BB000C5F60201086840F004000860086840F05B
:107BC000010008600CE044F27041C5F6020108684B
:107BD00020F001000860086820F004000860FFE75A
:107BE000FFE7FFE7FFE70A988068F8B1FFE7FCF7D7
:107BF00043FF0990FFE744F27040C5F602000068B9
:107C000000F002010020B0EB510F0ED1FFE7FCF7AE
:107C100033FF0999401A41F28931884204D3FFE7C2
:107C200003208DF82F009BE1E5E71EE0FCF724FF21
:107C30000990FFE744F27040C5F60200006800F0CA
:107C400002010020B0EB510F0ED0FFE7FCF714FF4C
:107C50000999401A41F28931884204D3FFE7032091
:107C60008DF82F007CE1E5E7FFE7FFE70A98406A1F
:107C7000002800F07181FFE744F21040C5F60200D1
:107C8000006800F03800182800F0E080FFE70A984C
:107C9000406A022840F0B480FFE744F20041C5F694
:107CA0000201086820F080700860FCF7E5FE09908A
:107CB000FFE744F20040C5F60200006800F00071E2
:107CC0000020B0EB516F0CD0FFE7FCF7D5FE09990F
:107CD000401A032804D3FFE703208DF82F003FE16B
:107CE000E7E7FFE744F22841C5F60201086840F2E1
:107CF000F33290430A9B9A6ADB6A42EA031210430A
:107D000008600A99086BD1F834C08B6BCA6B0138D4
:107D10006FF35F204FF60061CFF6FF7101EB4C214E
:107D200089B208440021CFF6FF7101EB034101F451
:107D3000FE0108444FF07F4101EB026101F0FE417A
:107D4000084444F23041C5F602010860FFE744F2FE
:107D50002C41C5F602010091086820F0010008607E
:107D600044F23442C5F6020210684FF6F8739843A5
:107D70000A9B9B6C40EAC3001060086820F00C006E
:107D80000A9A126C10430860086820F002000A9AF0
:107D9000526C10430860086840F48030086008683E
:107DA00040F400300860086840F4802008600868EB
:107DB00040F00100086044F20041C5F60201086885
:107DC00040F080700860FCF757FE0990FFE744F22E
:107DD0000040C5F60200006800F000710020B0EB22
:107DE000516F0CD1FFE7FCF747FE0999401A0328B1
:107DF00004D3FFE703208DF82F00B1E0E7E724E08C
:107E000044F20041C5F60201086820F08070086065
:107E1000FCF732FE0990FFE744F20040C5F602008D
:107E2000006800F000710020B0EB516F0CD0FFE74C
:107E3000FCF722FE0999401A032804D3FFE7032028
:107E40008DF82F008CE0E7E7FFE784E044F228405C
:107E5000C5F602000068089044F23040C5F6020002
:107E6000006807900A98406A012837D0FFE7089811
:107E700000F003000A99896A88422FD1FFE7089829
:107E800000F47C710A98C06AB0EB111F26D1FFE79D
:107E900007986FF35F200A99096B013988421DD159
:107EA000FFE7BDF81C100A98406B0138B0EB512F6A
:107EB00014D1FFE7079800F4FE010A98806B01389F
:107EC000B0EB114F0AD1FFE7079800F0FE410A9886
:107ED000C06B0138B0EB116F04D0FFE701208DF8C3
:107EE0002F003DE044F23440C5F60200006880B245
:107EF000C00808900A98806C0899884229D0FFE74A
:107F000044F22C41C5F60201086820F00100086027
:107F1000FCF7B2FD0990FFE7FCF7AEFD0999401AA6
:107F200008B9FFE7F8E744F23441C5F602010868F2
:107F30004FF6F87290430A9A926C40EAC2000860C9
:107F400044F22C41C5F60201086840F001000860C7
:107F5000FFE7FFE7FFE7FFE700208DF82F00FFE7CF
:107F60009DF82F000CB080BD80B586B004900498B9
:107F700020B9FFE701208DF817003AE10498406A24
:107F800008B9FFE7FFE704990020886204980068B9
:107F900043F20001C4F2010188421BD0FFE70498BC
:107FA000006843F60001C4F20001884212D0FFE7E6
:107FB0000498006843F60041C4F20001884209D0E9
:107FC000FFE70498C068102804D3FFE701208DF86C
:107FD00017000EE1049805F083FC029004980068F5
:107FE00043F20001C4F20101884216D0FFE7049871
:107FF000006843F60001C4F2000188420DD0FFE79B
:108000000498006843F60041C4F20001884204D09D
:10801000FFE7029808281FD8FFE70498006843F29A
:108020000001C4F20101884212D0FFE70498006801
:1080300043F60001C4F20001884209D0FFE704982A
:10804000006843F60041C4F20001884208D1FFE70E
:108050000298112804D3FFE701208DF81700C8E02B
:10806000049890F8810040B9FFE70499002081F856
:108070008000049800F0C4F8FFE70499022081F81A
:10808000810004980168086820F0010008600498E5
:108090000068806800F4F810039004988069B0F1DB
:1080A000806F1BD1FFE704984068B0F5800F04D1C2
:1080B000FFE70498806B50B1FFE70498406868B907
:1080C000FFE70498806BB0F1805F07D1FFE7049869
:1080D0000168086840F480500860FFE704988079E0
:1080E0004006002810D5FFE70498C06807280BD386
:1080F000FFE704980068006820F48070049A116813
:10810000126D1043086006E004980168086820F4C6
:1081100080700860FFE7049B1968DA68D869D3F8B3
:1081200028C040EA0C00DDF80CC040EA0C00DB6B14
:10813000184310438860049A0192506B516A0843B7
:10814000916B0843916908431168D2F804C09368A1
:10815000D2F810E040EA0E00D2F814E040EA0E0037
:10816000D2F820E040EA0E0040EA0C00D2F84CC001
:1081700040EA0C001843936C1843926D1043C8609A
:108180000498406898B9FFE7049800688068012166
:1081900061F3CC20049909688860049800688068BD
:1081A000022161F34A20049909688860FFE7049876
:1081B0000168086D20F00100086504988079400688
:1081C00000280BD5FFE704980068C06820F0004045
:1081D000049A1168526D1043C860FFE704990020AB
:1081E000C1F88400049A012182F881108DF81700EB
:1081F000FFE79DF8170006B080BD000000000000FA
:1082000080B5BEB03D9000203C903B903A903990B4
:10821000389008A8C021F8F7A9F83D98006843F6FF
:108220000001C4F20001884263D1FFE700200990F9
:108230004FF4805008904FF48040209008A8FDF73C
:1082400033FC18B1FFE7F9F783F8FFE7FFE744F2E3
:10825000E840C5F60200016841F480410160006811
:1082600000F4804007900798FFE7FFE744F2E04002
:10827000C5F60200016841F004010160006800F0E9
:10828000040006900698FFE7FFE744F2E040C5F6D9
:108290000200016841F001010160006800F0010086
:1082A00005900598FFE70C20389002200190399046
:1082B000002002903A903B90052003903C9040F6BD
:1082C0000000C5F6020038A90491FCF7D1F9019B22
:1082D000029A039804994FF4805CCDF8E0C039937A
:1082E0003A923B923C900020C5F60200FCF7C0F9A0
:1082F000FFE73EB080BD000080B590B0DDF848C01B
:108300000E900D910C92ADF82E300E980068203032
:108310000A900E980068303009900E98C16B0120C9
:1083200000EB5110ADF81200FCF7A6FB0890BDF869
:108330002E00ADF81600BDF82E00ADF814000E9812
:1083400090F88100012804D0FFE702208DF83F005B
:1083500050E30D9838B1FFE70C9820B1FFE7BDF866
:108360002E0020B9FFE701208DF83F0042E3FFE730
:108370000E9890F88000012804D1FFE702208DF8C4
:108380003F0037E30E99012081F88000FFE7FFE707
:108390000E99052081F881000E990020C1F8840013
:1083A0000C990E9A5166BDF82E100E9AA2F86A101A
:1083B000BDF82E100E9AA2F868100D990E9AD1658C
:1083C000BDF82E100E9AA2F86210BDF82E100E9A6B
:1083D000A2F860100E9908670E9948670E98006819
:1083E000C06820F4C0200E990968C8600E98006823
:1083F00043F20001C4F20101884212D0FFE70E9857
:10840000006843F60001C4F20001884209D0FFE78A
:108410000E98006843F60041C4F20001884203D17F
:10842000FFE71020079002E008200790FFE70E9872
:10843000006840684FF6FF718843BDF82E1008446D
:108440000E99096848600E980168086840F00100BC
:1084500008600E984068B0F5800F07D1FFE70E98CE
:108460000168086840F400700860FFE70E98C06873
:108470001028C0F0B580FFE7079880080790FFE755
:10848000BDF816100120039039B9FFE7BDF81400BC
:10849000002818BF01200390FFE70398C0070028B9
:1084A00000F09D80FFE70E98006840698007002873
:1084B00022D5FFE7BDF81600F0B1FFE7BDF81400C4
:1084C000BDF81610079A1144884215D2FFE70E989E
:1084D0000168C06D006808620E99C86D0430C865F7
:1084E0000E99B1F862000138A1F862000E98B0F858
:1084F0006200ADF81600FFE70E980068406906902C
:10850000BDF81400002869D0FFE70E9800684069A4
:10851000C007B0B1FFE70E980068006B0E99496E76
:1085200008600E99486E043048660E99B1F86A00EA
:108530000138A1F86A000E98B0F86A00ADF814008E
:108540004BE0BDF81400BDF8121088421CDAFFE7BA
:108550009DF819000006002816D5FFE70E98006860
:10856000006B0E99496E08600E99486E043048669B
:108570000E99B1F86A000138A1F86A000E98B0F8B7
:108580006A00ADF8140027E0FCF776FA0899401A63
:108590001299884204D3FFE71298013018B9FFE717
:1085A0001298C0B9FFE70E9805F00EF90E99D1F8B0
:1085B000840040F48070C1F884000E99012081F895
:1085C0008100FFE70E99002081F88000FFE703207B
:1085D0008DF83F000EE2FFE7FFE7FFE750E7DCE141
:1085E0000E98C0680828C0F0DE80FFE707984008B2
:1085F0000790FFE7BDF816100120029039B9FFE798
:10860000BDF81400002818BF01200290FFE702986F
:10861000C007002800F0C680FFE70E980068406998
:108620008007002822D5FFE7BDF81600F0B1FFE76C
:10863000BDF81400BDF81610079A1144884215D2EF
:10864000FFE70E98C06D00880A9908800E99C86DE2
:108650000230C8650E99B1F862000138A1F86200D5
:108660000E98B0F86200ADF81600FFE70E980068AB
:1086700040690690BDF81400002800F09280FFE7E2
:108680000E9800684069C007A8B1FFE70998008804
:108690000E99496E08800E99486E023048660E9910
:1086A000B1F86A000138A1F86A000E98B0F86A00C3
:1086B000ADF8140074E0BDF81400BDF81210884243
:1086C00024DAFFE79DF81900000600281ED5FFE711
:1086D000099800880E99496E08800E99486E0230FC
:1086E0004866099800880E99496E08800E99486E70
:1086F000023048660E99B1F86A000238A1F86A00A3
:108700000E98B0F86A00ADF8140048E0BDF8140007
:1087100001281BD1FFE79DF819008006002815D518
:10872000FFE7099800880E99496E08800E99486EF7
:10873000023048660E99B1F86A000138A1F86A0063
:108740000E98B0F86A00ADF8140027E0FCF794F931
:108750000899401A1299884204D3FFE71298013011
:1087600018B9FFE71298C0B9FFE70E9805F02CF88A
:108770000E99D1F8840040F48070C1F884000E99FD
:10878000012081F88100FFE70E99002081F8800028
:10879000FFE703208DF83F002CE1FFE7FFE7FFE74D
:1087A000FFE727E7F8E0FFE7BDF81610012001908A
:1087B00039B9FFE7BDF81400002818BF0120019067
:1087C000FFE70198C007002800F0E580FFE70E985A
:1087D000006840698007002823D5FFE7BDF8160030
:1087E000F8B1FFE7BDF81400BDF81610079A114460
:1087F000884216D2FFE70E980168C06D007881F8B4
:1088000020000E99C86D0130C8650E99B1F862005C
:108810000138A1F862000E98B0F86200ADF81600B9
:10882000FFE70E98006840690690BDF81400002824
:1088300000F0B080FFE70E9800684069C007B8B14B
:10884000FFE70E98006890F830000E99496E0870A6
:108850000E99486E013048660E99B1F86A000138E9
:10886000A1F86A000E98B0F86A00ADF8140090E024
:10887000BDF81400BDF8121088423EDAFFE79DF8FB
:1088800019000006002838D5FFE70E98006890F818
:1088900030000E99496E08700E99486E0130486696
:1088A0000E98006890F830000E99496E08700E9985
:1088B000486E013048660E98006890F830000E99B6
:1088C000496E08700E99486E013048660E9800682F
:1088D00090F830000E99496E08700E99486E01307C
:1088E00048660E99B1F86A000438A1F86A000E983B
:1088F000B0F86A00ADF814004AE0BDF8140003288F
:108900001DD8FFE79DF8190010F0600F17D0FFE7A2
:108910000E98006890F830000E99496E08700E9914
:10892000486E013048660E99B1F86A000138A1F826
:108930006A000E98B0F86A00ADF8140027E0FCF762
:108940009BF80899401A1299884204D3FFE71298BD
:10895000013018B9FFE71298C0B9FFE70E9804F08C
:1089600033FF0E99D1F8840040F48070C1F8840080
:108970000E99012081F88100FFE70E99002081F80F
:108980008000FFE703208DF83F0033E0FFE7FFE7BB
:10899000FFE7FFE708E7FFE7FFE70E98129B08995C
:1089A0006A4611600821002204F0B2FF40B1FFE7DF
:1089B0000E99D1F8840040F02000C1F88400FFE750
:1089C0000E9804F001FF0E99012081F88100FFE765
:1089D0000E99002081F88000FFE70E98D0F88400FF
:1089E00020B1FFE701208DF83F0003E000208DF863
:1089F0003F00FFE79DF83F0010B080BD0000000081
:108A000081B0009001B0704781B0009001B0704714
:108A100081B0009001B0704784B0029001910020B5
:108A20000090FFE7029890F83C00012804D1FFE78E
:108A300002208DF80F0074E00299012081F83C00BB
:108A4000FFE7FFE7009820F0FF000199C96808439D
:108A50000090009820F440700199896808430090C4
:108A6000009820F4806001994968084300900098BC
:108A700020F400600199096808430090009820F4F0
:108A800080500199096908430090009820F4005033
:108A90000199496908430090009820F480400199A9
:108AA000896A08430090009820F470200199896930
:108AB00040EA01400090029800680021C4F20101E0
:108AC000884209D0FFE70298006840F20041C4F2F2
:108AD0000101884217D1FFE7009820F47000019946
:108AE000496A40EA01500090009820F08070019996
:108AF000C96908430090009820F000700199096A44
:108B000008430090FFE70098029909684864FFE76E
:108B10000299002081F83C00FFE700208DF80F004B
:108B2000FFE79DF80F0004B0704700000000000050
:108B300085B003900291FFE7039890F83C0001286C
:108B400004D1FFE702208DF8130099E0039901207A
:108B500081F83C00FFE7FFE70399022081F83D0020
:108B6000039800684068019003980068806800904E
:108B7000039800680021C4F20101884209D0FFE790
:108B80000398006840F20041C4F2010188420AD112
:108B9000FFE7019820F47000019002984168019865
:108BA00008430190FFE7019820F0700001900298BF
:108BB0000168019808430190019803990968486089
:108BC000039800680021C4F2010188423CD0FFE70D
:108BD00003980068B0F1804F36D0FFE70398006833
:108BE00040F20041C4F2000188422DD0FFE7039813
:108BF000006840F60001C4F20001884224D0FFE77B
:108C00000398006840F60041C4F2000188421BD07E
:108C1000FFE70398006840F20041C4F20101884276
:108C200012D0FFE70398006841F60001C4F200018A
:108C3000884209D0FFE70398006844F20001C4F2BB
:108C4000010188420ED1FFE7009820F080000090DB
:108C50000298816800980843009000980399096879
:108C60008860FFE70399012081F83D00FFE7039941
:108C7000002081F83C00FFE700208DF81300FFE79B
:108C80009DF8130005B0704780B582B00090009841
:108C900020B9FFE701208DF8070045E0009890F823
:108CA0003D0040B9FFE70099002081F83C000098A2
:108CB00000F03EF8FFE70099022081F83D0000999E
:108CC00051F8040B05F034FF0099012081F84800A9
:108CD000FFE70099012081F83E00009981F83F00EC
:108CE000009981F84000009981F84100009981F8CD
:108CF0004200009981F84300FFE7FFE70099012057
:108D000081F84400009981F84500009981F84600F7
:108D1000009981F84700FFE70099012081F83D00A4
:108D200000208DF80700FFE79DF8070002B080BD26
:108D300083B002900298006841F60001C4F200017D
:108D4000884210D1FFE7FFE744F2E840C5F6020091
:108D5000016841F040010160006800F040000190AE
:108D60000198FFE719E00298006844F20001C4F29C
:108D70000101884210D1FFE7FFE744F2F040C5F659
:108D80000200016841F480310160006800F4803025
:108D900000900098FFE7FFE7FFE703B0704700008F
:108DA00083B00190019890F83D00012804D0FFE7BE
:108DB00001208DF80B0071E00199022081F83D003F
:108DC00001980168C86840F00100C8600198006817
:108DD0000021C4F2010188423CD0FFE701980068FD
:108DE000B0F1804F36D0FFE70198006840F20041B3
:108DF000C4F2000188422DD0FFE70198006840F6D8
:108E00000001C4F20001884224D0FFE70198006805
:108E100040F60041C4F2000188421BD0FFE70198F0
:108E2000006840F20041C4F20101884212D0FFE71D
:108E30000198006841F60001C4F20001884209D09F
:108E4000FFE70198006844F20001C4F20101884282
:108E500019D1FFE70198006880680721C0F201017D
:108E600008400090009806280CD0FFE70098B0F565
:108E7000803F07D0FFE701980168086840F00100D3
:108E80000860FFE706E001980168086840F001000B
:108E90000860FFE700208DF80B00FFE79DF80B004E
:108EA00003B070470000000080B586B004900391C5
:108EB00000208DF80B00FFE7049890F83C00012893
:108EC00004D1FFE702208DF81700D1E004990120BA
:108ED00081F83C00FFE7FFE70499022081F83D009C
:108EE000049800688068019001984FF68871CFF669
:108EF000CE7108400190019820F47F4001900198C4
:108F0000049909688860039800680090002800F0C0
:108F10009580FFE70098102800F09080FFE7009808
:108F2000202800F08B80FFE70098302800F0868032
:108F3000FFE70098402874D0FFE70098502856D0EB
:108F4000FFE7009860285FD0FFE7009870282AD0DC
:108F5000FFE70098B0F5805F24D0FFE70098B0F5F8
:108F6000005F35D0FFE70098B0F5801F66D0FFE7BF
:108F70000098B0F1101F61D0FFE700982021C0F2E7
:108F8000100188425AD0FFE700983021C0F210014A
:108F9000884253D0FFE700984021C0F21001884278
:108FA0004CD052E055E004980068039B5A689968D9
:108FB000DB6805F0ADFE04980068806801900198B8
:108FC00040F077000190019804990968886040E0BA
:108FD00004980068039B5A689968DB6805F098FE5E
:108FE00004980168886840F48040886031E0049803
:108FF0000068039A5168D26806F01AFA049800686B
:10900000502105F0A1FE24E004980068039A5168FD
:10901000D26806F035FA04980068602105F094FEE5
:1090200017E004980068039A5168D26806F000FAC5
:1090300004980068402105F087FE0AE00498006863
:109040000399096805F080FE03E001208DF80B000C
:10905000FFE70499012081F83D00FFE70499002013
:1090600081F83C00FFE79DF80B008DF81700FFE743
:109070009DF8170006B080BD80B586B004900391BE
:10908000049820B9FFE701208DF817008AE00498C2
:1090900090F83D0040B9FFE70499002081F83C00BA
:1090A000049800F085F8FFE70499022081F83D005C
:1090B0000498016888684BF6F872CFF6FE7210408B
:1090C0008860049951F8040B05F032FD049800689B
:1090D0008068029004980068806901900498006894
:1090E000006A009003980168029808430290019872
:1090F00040F203318843019003998868896940EA06
:109100000121019808430190019840F60C418843E1
:10911000019001984FF2F001884301900399C868CB
:10912000C96940EA0121019808430190039908693F
:10913000096A000140EA0131019808430190009852
:1091400020F022000090009820F088000090039901
:109150004868496940EA0111009808430090029864
:1091600004990968886001980499096888610098E1
:109170000499096808620499012081F8480004995B
:1091800081F83E00049981F83F00049981F8440079
:10919000049981F84500049981F83D0000208DF87C
:1091A0001700FFE79DF8170006B080BD0000000023
:1091B00080B58AB00990002008900790069005902D
:1091C000049009980068B0F1804F2ED1FFE7FFE7C7
:1091D00044F2E840C5F60200016841F00101016077
:1091E000006800F0010003900398FFE7FFE744F2F6
:1091F000E040C5F60200016841F00101016000682D
:1092000000F0010002900298FFE722200490022063
:109210000590002006900790012008900020C5F6D8
:10922000020004A9FBF724FA36E00998006840F22E
:109230000041C4F2000188422DD1FFE7FFE744F26C
:10924000E840C5F60200016841F0020101600068D3
:1092500000F0020001900198FFE7FFE744F2E040D0
:10926000C5F60200016841F001010160006800F0EC
:10927000010000900098FFE7C020049002200590B4
:1092800000210691079108900020C5F6020004A96C
:10929000FBF7EEF9FFE7FFE70AB080BD0000000032
:1092A00080B586B004900391049890F83E008DF844
:1092B0000B00049890F83F008DF80A00049890F88D
:1092C00044008DF80900049890F845008DF80800D6
:1092D0000398B8B9FFE79DF80B00012805D1FFE717
:1092E0009DF80900012804D0FFE701208DF8170040
:1092F00079E00499022081F83E00049981F8440045
:10930000FFE742E00398042817D1FFE79DF80A0021
:10931000012805D1FFE79DF80800012804D0FFE7E8
:1093200001208DF817005EE00499022081F83F00CB
:10933000049981F84500FFE726E09DF80B0001281D
:109340000FD1FFE79DF80A0001280AD1FFE79DF839
:109350000900012805D1FFE79DF80800012804D085
:10936000FFE701208DF817003DE00499022081F805
:109370003E00049981F83F00049981F84400049963
:1093800081F84500FFE7FFE7FFE70398019020B170
:10939000FFE70198042807D00DE004980068002139
:1093A000012205F099FC14E00498006804210122D0
:1093B00005F092FC0DE00498006800210122009263
:1093C00005F08AFC009A04980068042105F084FCEA
:1093D000FFE704980168086840F001000860002079
:1093E0008DF81700FFE79DF8170006B080BD00005C
:1093F00081B0009001B0704780B584B003900398AD
:109400000068C068029003980068006901909DF8A8
:1094100004008007002824D5FFE79DF80800800796
:1094200000281DD5FFE7039801686FF0020008616E
:10943000039901200877039800688069800720B1AC
:10944000FFE70398FFF7D4FF06E0039800F05CF90C
:10945000039800F08DFAFFE7039900200877FFE7F3
:10946000FFE79DF804004007002825D5FFE79DF899
:109470000800400700281ED5FFE7039801686FF039
:109480000400086103990220087703980068806946
:1094900010F4407F04D0FFE70398FFF7A9FF06E030
:1094A000039800F031F9039800F062FAFFE703999E
:1094B00000200877FFE7FFE79DF804000007002879
:1094C00024D5FFE79DF80800000700281DD5FFE719
:1094D000039801686FF00800086103990420087779
:1094E00003980068C069800720B1FFE70398FFF781
:1094F0007FFF06E0039800F007F9039800F038FAC0
:10950000FFE7039900200877FFE7FFE79DF80400D5
:10951000C006002825D5FFE79DF80800C0060028F2
:109520001ED5FFE7039801686FF0100008610399EA
:109530000820087703980068C06910F4407F04D0C1
:10954000FFE70398FFF754FF06E0039800F0DCF80C
:10955000039800F00DFAFFE7039900200877FFE772
:10956000FFE79DF80400C00778B1FFE79DF8080009
:10957000C00748B1FFE7039801686FF00100086178
:10958000039800F039FBFFE7FFE7019800F0800047
:10959000802806D0FFE79DF805008006002810D53A
:1095A000FFE79DF808000006002809D5FFE70398AB
:1095B00001686FF4025008610398FFF725FAFFE78E
:1095C000FFE79DF80500C00780B1FFE79DF80800A0
:1095D0000006002809D5FFE7039801686FF4807042
:1095E00008610398FFF70CFAFFE7FFE79DF8040016
:1095F0004006002810D5FFE79DF808004006002827
:1096000009D5FFE7039801686FF0400008610398EF
:1096100000F006FBFFE7FFE79DF804008006002846
:1096200010D5FFE79DF808008006002809D5FFE760
:10963000039801686FF0200008610398FFF7E8F9CC
:10964000FFE7FFE704B080BD80B588B00790002039
:10965000069005900490039002900798006841F6E8
:109660000001C4F20001884220D1FFE7FFE744F285
:10967000E040C5F60200016841F0020101600068A7
:1096800000F0020001900198FFE74FF44040029083
:1096900002200390002104910591069040F20040C1
:1096A000C5F6020002A9FAF7E3FF29E0079800686F
:1096B00044F20001C4F20101884220D1FFE7FFE734
:1096C00044F2E040C5F60200016841F0100101607B
:1096D000006800F0100000900098FFE76020029002
:1096E000022003900020049005900420069041F28F
:1096F0000000C5F6020002A9FAF7BAFFFFE7FFE78C
:1097000008B080BD0000000081B0009001B070473B
:1097100080B586B004900391029200208DF8070076
:10972000FFE7049890F83C00012804D1FFE70220ED
:109730008DF81700C0E00499012081F83C00FFE794
:10974000FFE702980090142800F2A7800099DFE854
:1097500001F00BA4A4A424A4A4A43EA4A4A457A4EC
:10976000A4A471A4A4A48A0004980068039905F035
:1097700003FB04980168886940F008008861049838
:109780000168886920F004008861039802690498E0
:10979000016888691043886183E004980068039930
:1097A00005F092FB04980168886940F400608861C4
:1097B00004980168886920F48060886103980269D0
:1097C00004980168886940EA0220886169E0049889
:1097D0000068039905F030FC04980168C86940F0FE
:1097E0000800C86104980168C86920F00400C861D5
:1097F0000398026904980168C8691043C86150E081
:1098000004980068039905F0CFFC04980168C869C2
:1098100040F40060C86104980168C86920F4806061
:10982000C8610398026904980168C86940EA022087
:10983000C86136E004980068039905F025FD049896
:109840000168486D40F00800486504980168486D5B
:1098500020F0040048650398026904980168486D87
:10986000104348651DE004980068039905F074FDF5
:1098700004980168486D40F40060486504980168E8
:10988000486D20F480604865039802690498016877
:10989000486D40EA0220486503E001208DF807008A
:1098A000FFE7FFE70499002081F83C00FFE79DF8FF
:1098B00007008DF81700FFE79DF8170006B080BD80
:1098C00080B582B00090009820B9FFE701208DF8A4
:1098D000070045E0009890F83D0040B9FFE7009987
:1098E000002081F83C00009800F03EF8FFE7009966
:1098F000022081F83D00009951F8040B05F018F999
:109900000099012081F84800FFE70099012081F8C3
:109910003E00009981F83F00009981F840000099CD
:1099200081F84100009981F84200009981F84300D4
:10993000FFE7FFE70099012081F84400009981F8D2
:109940004500009981F84600009981F84700FFE73B
:109950000099012081F83D0000208DF80700FFE705
:109960009DF8070002B080BD81B0009001B0704743
:1099700081B0009001B0704780B590B00E900D910D
:109980000D9828B9FFE70E9890F83E000B9034E050
:109990000D98042805D1FFE70E9890F83F000A9033
:1099A00028E00D98082805D1FFE70E9890F84000B0
:1099B00009901CE00D980C2805D1FFE70E9890F84F
:1099C0004100089010E00D98102805D1FFE70E988F
:1099D00090F84200079004E00E9890F8430007903A
:1099E000FFE707980890FFE708980990FFE70998B4
:1099F0000A90FFE70A980B90FFE70B98012804D024
:109A0000FFE701208DF83F00F1E00D9828B9FFE74E
:109A10000E99022081F83E0038E00D98042806D106
:109A2000FFE70E99022081F83F0006902CE00D9888
:109A3000082806D1FFE70E99022081F84000059022
:109A40001FE00D980C2806D1FFE70E99022081F83F
:109A50004100049012E00D98102806D1FFE70E99FE
:109A6000022081F84200039005E00E99022081F85F
:109A700043000390FFE703980490FFE704980590E4
:109A8000FFE705980690FFE70698FFE70E98006845
:109A90000D990122019205F01FF901980E990968AC
:109AA0000022C4F20102914202902DD0FFE70E98ED
:109AB0000168012040F20042C4F20102914202908A
:109AC00022D0FFE70E980168012044F20002C4F2A0
:109AD00001029142029017D0FFE70E980168012021
:109AE00044F20042C4F20102914202900CD0FFE71E
:109AF0000E9800684BF60001CBF6FE710844B0FAF0
:109B000080F040090290FFE70298C00738B1FFE7F4
:109B10000E980168486C40F400404864FFE70E98D6
:109B200000680021C4F2010188423CD0FFE70E9892
:109B30000068B0F1804F36D0FFE70E98006840F221
:109B40000041C4F2000188422DD0FFE70E98006862
:109B500040F60001C4F20001884224D0FFE70E98CD
:109B6000006840F60041C4F2000188421BD0FFE7C4
:109B70000E98006840F20041C4F20101884212D000
:109B8000FFE70E98006841F60001C4F20001884228
:109B900009D0FFE70E98006844F20001C4F2010109
:109BA000884219D1FFE70E98006880680721C0F24B
:109BB000010108400C900C9806280CD0FFE70C9887
:109BC000B0F5803F07D0FFE70E980168086840F0C5
:109BD00001000860FFE706E00E980168086840F0A1
:109BE00001000860FFE700208DF83F00FFE79DF8C7
:109BF0003F0010B080BD000080B582B00190019898
:109C0000006841F20041C4F20001884203D1FFE73D
:109C1000FBF742FBFFE702B080BD00000000000040
:109C200081B0009001B0704783B00190FFE70198C8
:109C300090F88400012804D1FFE702208DF80B0082
:109C40002CE00199012081F88400FFE7FFE70199EA
:109C50002420C1F8880001980068006800900198ED
:109C60000168086820F001000860009820F00050AA
:109C700000900199002048660098019909680860E1
:109C800001992020C1F88800FFE70199002081F8A0
:109C90008400FFE700208DF80B00FFE79DF80B0024
:109CA00003B070470000000080B586B004900391B7
:109CB000ADF80A200498D0F88C00202844D1FFE7A2
:109CC000039820B1FFE7BDF80A0020B9FFE70120A3
:109CD0008DF817003CE004990120C8660499002023
:109CE000086704980399BDF80A2006F0A1FB8DF8D7
:109CF00009009DF8090010BBFFE70498C06E012819
:109D000018D1FFE70498016810200862FFE7FFE719
:109D10000498006850E8000F40F010000190FFE741
:109D200001990498026842E800100028F0D1FFE78A
:109D3000FFE703E001208DF80900FFE7FFE79DF84A
:109D400009008DF8170003E002208DF81700FFE7E7
:109D50009DF8170006B080BD80B584B00390ADF8C3
:109D60000A1000208DF80900FFE79DF8090040F275
:109D70007451C2F200410978884280F2AF81FFE756
:109D800003989DF8092044F26C71C2F2004151F829
:109D90002210D1F80411884240F09981FFE79DF824
:109DA000091044F26C70C2F2004050F82100D0F863
:109DB0000801D0B1FFE79DF8091044F26C70C2F2BF
:109DC0000040019050F82100D0F80821D0F80C0193
:109DD000BDF80A10904701989DF8091050F821002D
:109DE000BDF80A10F6F7C2FAFFE79DF8091044F231
:109DF0006C70C2F20040009050F82110D1F80401BC
:109E000091F80021FFF750FF00989DF8091050F8D5
:109E10002100D0F80401D0F8800000681021C4F2BD
:109E20000201884200F02E81FFE79DF8091044F2FC
:109E30006C70C2F2004050F82100D0F80401D0F854
:109E4000800000682821C4F20201884200F01A81D3
:109E5000FFE79DF8091044F26C70C2F2004050F820
:109E60002100D0F80401D0F8800000684021C4F23D
:109E70000201884200F00681FFE79DF8091044F2D4
:109E80006C70C2F2004050F82100D0F80401D0F804
:109E9000800000685821C4F20201884200F0F2807C
:109EA000FFE79DF8091044F26C70C2F2004050F8D0
:109EB0002100D0F80401D0F8800000687021C4F2BD
:109EC0000201884200F0DE80FFE79DF8091044F2AD
:109ED0006C70C2F2004050F82100D0F80401D0F8B4
:109EE000800000688821C4F20201884200F0CA8024
:109EF000FFE79DF8091044F26C70C2F2004050F880
:109F00002100D0F80401D0F880000068A021C4F23C
:109F10000201884200F0B680FFE79DF8091044F284
:109F20006C70C2F2004050F82100D0F80401D0F863
:109F300080000068B821C4F20201884200F0A280CB
:109F4000FFE79DF8091044F26C70C2F2004050F82F
:109F50002100D0F80401D0F88000006840F21041E0
:109F6000C4F20201884200F08D80FFE79DF80910DD
:109F700044F26C70C2F2004050F82100D0F80401A5
:109F8000D0F88000006840F22841C4F20201884203
:109F900078D0FFE79DF8091044F26C70C2F20040DF
:109FA00050F82100D0F80401D0F88000006840F299
:109FB0004041C4F20201884264D0FFE79DF80910D5
:109FC00044F26C70C2F2004050F82100D0F8040155
:109FD000D0F88000006840F25841C4F20201884283
:109FE00050D0FFE79DF8091044F26C70C2F20040B7
:109FF00050F82100D0F80401D0F88000006840F249
:10A000007041C4F2020188423CD0FFE79DF809107C
:10A0100044F26C70C2F2004050F82100D0F8040104
:10A02000D0F88000006840F28841C4F20201884202
:10A0300028D0FFE79DF8091044F26C70C2F200408E
:10A0400050F82100D0F80401D0F88000006840F2F8
:10A05000A041C4F20201884214D0FFE79DF8091024
:10A0600044F26C70C2F2004050F82100D0F80401B4
:10A07000D0F88000006840F2B841C4F20201884282
:10A0800012D1FFE79DF8091044F26C70C2F2004053
:10A0900050F82100D0F80401D0F880000168086869
:10A0A00020F00800086011E09DF8091044F26C707F
:10A0B000C2F2004050F82100D0F80401D0F880002E
:10A0C0000168086820F004000860FFE706E0FFE789
:10A0D0009DF8090001308DF8090046E604B080BD06
:10A0E00081B0009001B0704780B584B002900191BA
:10A0F000FFE7029890F88400012804D1FFE70220CE
:10A100008DF80F0032E00299012081F88400FFE70A
:10A11000FFE702992420C1F88800029800680068CF
:10A12000009002980168086820F001000860029819
:10A130000068806820F0606001990843029909680E
:10A140008860029805F0C8F90098029909680860CB
:10A1500002992020C1F88800FFE70299002081F8C9
:10A160008400FFE700208DF80F00FFE79DF80F0047
:10A1700004B080BD0000000080B584B00290019161
:10A18000FFE7029890F88400012804D1FFE702203D
:10A190008DF80F0032E00299012081F88400FFE77A
:10A1A000FFE702992420C1F888000298006800683F
:10A1B000009002980168086820F001000860029889
:10A1C0000068806820F0604001990843029909689E
:10A1D0008860029805F080F9009802990968086083
:10A1E00002992020C1F88800FFE70299002081F839
:10A1F0008400FFE700208DF80F00FFE79DF80F00B7
:10A2000004B080BD0000000081B0009001B0704734
:10A2100081B0009001B0704780B584B003900020F9
:10A220008DF80B00FFE79DF80B0040F27451C2F26D
:10A2300000410978884280F28981FFE703989DF800
:10A240000B2044F26C71C2F2004151F82210D1F897
:10A250000411884240F07381FFE79DF80B1044F22F
:10A260006C70C2F20040019050F82110D1F8040146
:10A2700091F80021FFF718FD01989DF80B1050F898
:10A280002100D0F80401D0F8800000681021C4F249
:10A290000201884200F02E81FFE79DF80B1044F286
:10A2A0006C70C2F2004050F82100D0F80401D0F8E0
:10A2B000800000682821C4F20201884200F01A815F
:10A2C000FFE79DF80B1044F26C70C2F2004050F8AA
:10A2D0002100D0F80401D0F8800000684021C4F2C9
:10A2E0000201884200F00681FFE79DF80B1044F25E
:10A2F0006C70C2F2004050F82100D0F80401D0F890
:10A30000800000685821C4F20201884200F0F28007
:10A31000FFE79DF80B1044F26C70C2F2004050F859
:10A320002100D0F80401D0F8800000687021C4F248
:10A330000201884200F0DE80FFE79DF80B1044F236
:10A340006C70C2F2004050F82100D0F80401D0F83F
:10A35000800000688821C4F20201884200F0CA80AF
:10A36000FFE79DF80B1044F26C70C2F2004050F809
:10A370002100D0F80401D0F880000068A021C4F2C8
:10A380000201884200F0B680FFE79DF80B1044F20E
:10A390006C70C2F2004050F82100D0F80401D0F8EF
:10A3A00080000068B821C4F20201884200F0A28057
:10A3B000FFE79DF80B1044F26C70C2F2004050F8B9
:10A3C0002100D0F80401D0F88000006840F210416C
:10A3D000C4F20201884200F08D80FFE79DF80B1067
:10A3E00044F26C70C2F2004050F82100D0F8040131
:10A3F000D0F88000006840F22841C4F2020188428F
:10A4000078D0FFE79DF80B1044F26C70C2F2004068
:10A4100050F82100D0F80401D0F88000006840F224
:10A420004041C4F20201884264D0FFE79DF80B105E
:10A4300044F26C70C2F2004050F82100D0F80401E0
:10A44000D0F88000006840F25841C4F2020188420E
:10A4500050D0FFE79DF80B1044F26C70C2F2004040
:10A4600050F82100D0F80401D0F88000006840F2D4
:10A470007041C4F2020188423CD0FFE79DF80B1006
:10A4800044F26C70C2F2004050F82100D0F8040190
:10A49000D0F88000006840F28841C4F2020188428E
:10A4A00028D0FFE79DF80B1044F26C70C2F2004018
:10A4B00050F82100D0F80401D0F88000006840F284
:10A4C000A041C4F20201884214D0FFE79DF80B10AE
:10A4D00044F26C70C2F2004050F82100D0F8040140
:10A4E000D0F88000006840F2B841C4F2020188420E
:10A4F00012D1FFE79DF80B1044F26C70C2F20040DD
:10A5000050F82100D0F80401D0F8800001680868F4
:10A5100020F00800086011E09DF80B1044F26C7008
:10A52000C2F2004050F82100D0F80401D0F88000B9
:10A530000168086820F004000860FFE706E0FFE714
:10A540009DF80B0001308DF80B006CE604B080BD67
:10A5500080B592B0119011980068C0691090119860
:10A56000006800680F901198006880680E9010983D
:10A5700040F60F0108400D900D98E0B9FFE79DF8F7
:10A5800040008006002815D5FFE79DF83C008006B6
:10A59000002806D4FFE79DF83B00C006002809D537
:10A5A000FFE71198406F20B1FFE71198416F88478E
:10A5B000FFE74AE3FFE70D98002800F00C81FFE772
:10A5C0000E980121C1F20001084209D1FFE70F985E
:10A5D00040F22011C0F20041084200F0FC80FFE789
:10A5E0009DF84000C00788B1FFE79DF83D00C00717
:10A5F00060B1FFE711980168012008621199D1F854
:10A60000900040F00100C1F89000FFE79DF8400085
:10A610008007002811D5FFE79DF83800C00760B11A
:10A62000FFE711980168022008621199D1F89000A3
:10A6300040F00400C1F89000FFE79DF8400040079B
:10A64000002811D5FFE79DF83800C00760B1FFE78B
:10A6500011980168042008621199D1F8900040F027
:10A660000200C1F89000FFE79DF8400000070028B5
:10A6700019D5FFE79DF83C008006002807D4FFE7C6
:10A680000E980121C1F2000108420CD0FFE7119899
:10A690000168082008621199D1F8900040F0080084
:10A6A000C1F89000FFE79DF841000007002813D58E
:10A6B000FFE79DF83F00400700280DD5FFE7119800
:10A6C00001684FF4006008621199D1F8900040F0E1
:10A6D0002000C1F89000FFE71198D0F89000002802
:10A6E00078D0FFE79DF840008006002815D5FFE7E9
:10A6F0009DF83C008006002806D4FFE79DF83B004B
:10A70000C006002809D5FFE71198406F20B1FFE788
:10A710001198416F8847FFE7FFE71198D0F8900044
:10A720000C9011980068806800F04000402806D026
:10A73000FFE79DF8300010F0280F42D0FFE7119896
:10A7400005F03EF91198006880684006002833D56E
:10A75000FFE7FFE7FFE71198006850E8020F20F0DD
:10A7600040000B90FFE70B991198026842E8021035
:10A770000028F0D1FFE7FFE71198D0F88000B0B1D2
:10A78000FFE71198D0F880104FF2F170C0F600008A
:10A7900008651198D0F88000F7F7B2FA30B1FFE7FA
:10A7A0001198D0F88000016D8847FFE703E0119809
:10A7B000FFF732FDFFE703E01198FFF72DFDFFE7FC
:10A7C00007E01198FFF728FD11990020C1F89000CB
:10A7D000FFE7FFE739E21198C06E012840F0D6810B
:10A7E000FFE79DF84000C006002840F1CF81FFE759
:10A7F0009DF83C00C006002840F1C881FFE7119891
:10A8000001681020086211980068806840060028DE
:10A8100040F15A81FFE71198D0F8800000681021BC
:10A82000C4F20201884200F0A280FFE71198D0F83C
:10A83000800000682821C4F20201884200F097805D
:10A84000FFE71198D0F8800000684021C4F20201AF
:10A85000884200F08C80FFE71198D0F880000068F3
:10A860005821C4F20201884200F08180FFE711986C
:10A87000D0F8800000687021C4F20201884276D0CE
:10A88000FFE71198D0F8800000688821C4F2020127
:10A8900088426CD0FFE71198D0F880000068A021B2
:10A8A000C4F20201884262D0FFE71198D0F880001C
:10A8B0000068B821C4F20201884258D0FFE711981D
:10A8C000D0F88000006840F21041C4F202018842D2
:10A8D0004DD0FFE71198D0F88000006840F2284181
:10A8E000C4F20201884242D0FFE71198D0F88000FC
:10A8F000006840F24041C4F20201884237D0FFE7CD
:10A900001198D0F88000006840F25841C4F202016A
:10A9100088422CD0FFE71198D0F88000006840F200
:10A920007041C4F20201884221D0FFE71198D0F8AB
:10A930008000006840F28841C4F20201884216D0CB
:10A94000FFE71198D0F88000006840F2A041C4F2FF
:10A95000020188420BD0FFE71198D0F88000006810
:10A9600040F2B841C4F20201884207D1FFE71198D2
:10A97000D0F8800000684068019006E01198D0F897
:10A980008000006840680190FFE70198ADF82A0058
:10A99000BDF82A0000287BD0FFE7BDF82A001199F6
:10A9A000B1F85C10884273DAFFE7BDF82A0011990C
:10A9B000A1F85E001198D0F88000C069B0F5807FE2
:10A9C00059D0FFE7FFE7FFE71198006850E8000F54
:10A9D00020F480700990FFE709991198026842E815
:10A9E00000100028F0D1FFE7FFE7FFE7FFE711982D
:10A9F000006850E8020F20F001000890FFE7089976
:10AA00001198026842E802100028F0D1FFE7FFE742
:10AA1000FFE7FFE71198006850E8020F20F04000C0
:10AA20000790FFE707991198026842E80210002892
:10AA3000F0D1FFE7FFE711992020C1F88C001199B0
:10AA40000020C866FFE7FFE71198006850E8000F94
:10AA500020F010000690FFE706991198026842E87E
:10AA600000100028F0D1FFE7FFE71198D0F8800030
:10AA7000F6F78AFCFFE71199022008671198B0F8F1
:10AA80005C10B0F85E20891A89B2FFF765F91AE008
:10AA9000BDF82A001199B1F85C10884212D1FFE785
:10AAA0001198D0F88000C069B0F5807F09D1FFE728
:10AAB0001199022008671198B0F85C10FFF74CF963
:10AAC000FFE7FFE7FFE7C0E01199B1F85C00B1F8DC
:10AAD0005E10401AADF816001198B0F85E0000281C
:10AAE00053D0FFE7BDF8160000284ED0FFE7FFE780
:10AAF000FFE71198006850E8000F20F49070049070
:10AB0000FFE704991198026842E800100028F0D18C
:10AB1000FFE7FFE7FFE7FFE71198006850E8020F43
:10AB20004FF6FE71CEF6FF7108400390FFE70399E0
:10AB30001198026842E802100028EDD1FFE7FFE714
:10AB400011992020C1F88C0011990020C866119934
:10AB50004867FFE7FFE71198006850E8000F20F012
:10AB600010000290FFE702991198026842E8001075
:10AB70000028F0D1FFE7FFE711990220086711983C
:10AB8000BDF81610FFF7E8F8FFE75EE09DF8420019
:10AB9000C00600280FD5FFE79DF83A0040060028C0
:10ABA00009D5FFE7119801684FF4801008621198E9
:10ABB000FFF72EFB49E09DF840000006002815D560
:10ABC000FFE79DF83C000006002806D4FFE79DF84B
:10ABD0003A000006002809D5FFE71198806F20B1E0
:10ABE000FFE71198816F8847FFE72EE09DF840004E
:10ABF000400600280AD5FFE79DF83C0040060028E3
:10AC000004D5FFE7119804F02BFF1EE09DF84200E9
:10AC1000000600280AD5FFE79DF83F0040060028FF
:10AC200004D5FFE71198FFF7EFFA0EE09DF8430017
:10AC3000C00750B1FFE79DF83F000006002804D58B
:10AC4000FFE71198FFF74CFAFFE712B080BD000054
:10AC500080B582B00090009820B9FFE701208DF800
:10AC6000070046E00098806908B1FFE700E0FFE7D1
:10AC70000098D0F8880040B9FFE70099002081F8DB
:10AC80008400009800F03CF8FFE700992420C1F808
:10AC9000880000980168086820F0010008600098AA
:10ACA000806A20B1FFE7009804F05AFCFFE70098A3
:10ACB00004F02AFF012804D1FFE701208DF80700E6
:10ACC00017E000980168486820F4904048600098B8
:10ACD0000168886820F02A00886000980168086888
:10ACE00040F001000860009804F0DEFC8DF80700D9
:10ACF000FFE79DF8070002B080BD000000000000E3
:10AD000080B5C0B03F9000203E903D903C903B907D
:10AD10003A900AA8C021F5F729FB3F98006841F254
:10AD20000001C4F20101884240F09E80FFE700204C
:10AD30000B9001210A9129900AA8FAF7B5FE18B1E3
:10AD4000FFE7F6F705FBFFE7FFE744F2F040C5F643
:10AD50000200016841F010010160006800F010007D
:10AD600009900998FFE7FFE744F2E040C5F60200CA
:10AD7000016841F001010160006800F001000890E5
:10AD80000898FFE74FF4C0603A9002203B90002003
:10AD900004903C9003203D9007203E900020C5F693
:10ADA00002003AA9F9F764FC049940F28C00C2F25F
:10ADB000004005901022C4F2020202602922426083
:10ADC0008160C1604FF48062026141618161C16153
:10ADD0004FF4403202624162F8F7CAFB18B1FFE754
:10ADE000F6F7B6FAFFE7FFE73F9840F28C01C2F2B0
:10ADF0000041C0F880103F988863FFE740F20410DC
:10AE0000C2F2004003902821C4F2020101602A210D
:10AE10004160402181600021C1604FF48062026185
:10AE2000416181614FF48072C2614FF4403202622D
:10AE30004162F8F79DFB18B1FFE7F6F789FAFFE7E3
:10AE4000FFE73F9840F20411C2F20041C1673F980A
:10AE50008863FFE72520029005210022FAF704FB12
:10AE60000298FAF7F5FA71E03F98006844F2004161
:10AE7000C4F20001884268D1FFE700200B90022154
:10AE80000A9128900AA8FAF70FFE18B1FFE7F6F723
:10AE90005FFAFFE7FFE744F2E840C5F60200016809
:10AEA00041F400310160006800F400300790079819
:10AEB000FFE7FFE744F2E040C5F60200016841F019
:10AEC00001010160006800F0010006900698FFE7AC
:10AED0000C203A9002203B90002000903C903D9046
:10AEE00007203E900020C5F602003AA9F9F7C0FB02
:10AEF000009940F27C10C2F2004001904022C4F25E
:10AF0000020202602B2242608160C1604FF48062C5
:10AF10000261416181614FF48072C2614FF400327D
:10AF200002624162F8F724FB18B1FFE7F6F710FA66
:10AF3000FFE7FFE73F9840F27C11C2F20041C0F802
:10AF400080103F988863FFE7FFE7FFE740B080BDD0
:10AF500081B0009001B0704781B0009001B070479F
:10AF600080B58AB008900791ADF81A20059308982B
:10AF7000D0F88800202840F08780FFE7079820B1AC
:10AF8000FFE7BDF81A0020B9FFE701208DF8270080
:10AF90007EE008990020C1F8900008992120C1F8AE
:10AFA0008800F9F769FD0290BDF81A000899A1F828
:10AFB0005400BDF81A000899A1F856000898806856
:10AFC000B0F5805F09D1FFE70898006928B9FFE76D
:10AFD000002004900798039004E007980490002054
:10AFE0000390FFE7FFE70898B0F8560088B3FFE743
:10AFF0000898029B05996A4611608021002205F09D
:10B00000AFFA40B1FFE708992020C1F8880003207B
:10B010008DF827003CE0049858B9FFE703980088B2
:10B020006FF35F20089909688862039802300390E3
:10B0300008E004980078089909688862049801304B
:10B040000490FFE70899B1F856000138A1F85600BE
:10B05000C9E70898029B05996A46116040210022C1
:10B0600005F07EFA40B1FFE708992020C1F888007A
:10B0700003208DF827000BE008992020C1F88800F4
:10B0800000208DF8270003E002208DF82700FFE75D
:10B090009DF827000AB080BD81B0009001B07047D4
:10B0A00081B0FFE74EF62850CEF200000068009015
:10B0B000F8E700000000000081B0009000980068F0
:10B0C000806900F002010020B0EB510F05D0FFE7CE
:10B0D0000098016800208862FFE700980068806996
:10B0E000C00738B9FFE700980168886940F001009F
:10B0F0008861FFE701B0704780B58AB00990089178
:10B10000079200208DF81B0009990968896905914B
:10B110000490079803909DF81400C006002840F1A1
:10B120008680FFE7099801681020C861FFE7099849
:10B130000068806900F0200200210846B1EB521F30
:10B14000009007D1FFE79DF81B00B0FA80F040099E
:10B150000090FFE70098C007002857D0FFE7089845
:10B160000130002851D0FFE7F9F786FC0399401A17
:10B170000899884204D8FFE70898002844D1FFE7DF
:10B1800009980068406800F480400290099890F89F
:10B1900042008DF8070009980068806981B200209C
:10B1A000B0EBD13F14D0FFE70298B0F5804F0FD03D
:10B1B000FFE79DF8070020280AD0FFE709980168FB
:10B1C000486840F480404860F9F756FC0390FFE778
:10B1D000FFE709980068806900F020010020B0EBCB
:10B1E000511F10D1FFE7F9F747FC0399401A1A28BD
:10B1F00008D3FFE7049840F02000049001208DF868
:10B200001B0000E0E5E7FFE7FFE790E79DF81B0084
:10B2100028B9FFE7099801682020C861FFE7049872
:10B2200040F00400049001208DF81B00FFE709980E
:10B230000068806905909DF81500C00768B1FFE7B8
:10B24000049840F001000490099801684FF4807060
:10B25000C86101208DF81B00FFE79DF8150040072D
:10B2600000280DD5FFE7049840F0080004900998E5
:10B2700001684FF48060C86101208DF81B00FFE772
:10B280009DF81500800700280DD5FFE7049840F0D1
:10B2900002000490099801684FF40070C861012011
:10B2A0008DF81B00FFE79DF81B0000B3FFE709982E
:10B2B000FFF702FF0998016848684EF60002CFF6D2
:10B2C000006210404860049A0999486C1043486431
:10B2D0000999202081F841000999002081F8420055
:10B2E000FFE70999002081F84000FFE7FFE79DF89C
:10B2F0001B000AB080BD000080B586B0DDF824C018
:10B30000DDF820C00490ADF80E10ADF80C20ADF8BB
:10B310000A300498BDF80E109DF80A20EC4642F25F
:10B320000003C8F20003CCF80030002300F0A4F8BA
:10B3300004980899099A00F083F920B1FFE70120E9
:10B340008DF8170033E0BDF80A00012806D1FFE7A9
:10B350009DF80C0004990968886215E09DF80D00BD
:10B3600004990968886204980899099A00F068F9B4
:10B3700020B1FFE701208DF8170018E09DF80C00C0
:10B38000049909688862FFE70498089B09996A464E
:10B3900011604021002200F09BF820B1FFE701205E
:10B3A0008DF8170003E000208DF81700FFE79DF8E7
:10B3B000170006B080BD000080B586B0DDF824C05F
:10B3C000DDF820C00490ADF80E10ADF80C20ADF8FB
:10B3D0000A300498BDF80E109DF80A20EC4642F29F
:10B3E0000003C8F20003CCF800304FF0807300F087
:10B3F00043F804980899099A00F022F920B1FFE770
:10B4000001208DF8170033E0BDF80A00012806D1AD
:10B41000FFE79DF80C0004990968886215E09DF823
:10B420000D0004990968886204980899099A00F047
:10B4300007F920B1FFE701208DF8170018E09DF80B
:10B440000C00049909688862FFE70498089B099931
:10B450006A4611608021002200F03AF820B1FFE72F
:10B4600001208DF8170003E000208DF81700FFE79A
:10B470009DF8170006B080BD84B0DDF810C00390C1
:10B48000ADF80A108DF809200193BDF80A006FF39A
:10B490009F209DF8091040EA014001990843049952
:10B4A000084320F000400090039800684068049929
:10B4B00020EA515049F60041CFF60041084000997A
:10B4C000084303990968486004B070470000000011
:10B4D00080B586B0DDF820C0049003918DF80B2074
:10B4E0000193FFE704980068806903990840401AB7
:10B4F000B0FA80F040099DF80B10884242D1FFE776
:10B5000004980199089AFFF7F7FD20B1FFE70120A1
:10B510008DF817003AE00198013090B3FFE7F9F792
:10B52000ABFA0899401A0199884203D8FFE70198BD
:10B5300030BBFFE704980068806903990840401A0F
:10B54000B0FA80F040099DF80B10884217D1FFE750
:10B550000499486C40F0200048640499202081F848
:10B5600041000499002081F84200FFE7049900207F
:10B5700081F84000FFE701208DF8170006E0FFE7A3
:10B58000FFE7AFE700208DF81700FFE79DF81700F1
:10B5900006B080BD0000000080B584B0029001912B
:10B5A0000092FFE702980068806900F02001002007
:10B5B000B0EB511F39D1FFE702980199009AFFF7CC
:10B5C0009BFD20B1FFE701208DF80F0031E0F9F776
:10B5D00053FA0099401A0199884203D8FFE701986D
:10B5E00010BBFFE702980068806900F0200100208E
:10B5F000B0EB511F17D1FFE70299486C40F02000D3
:10B6000048640299202081F841000299002081F8C5
:10B610004200FFE70299002081F84000FFE7012087
:10B620008DF80F0005E0FFE7BCE700208DF80F0064
:10B63000FFE79DF80F0004B080BD0000000000008F
:10B6400080B584B0029001910092FFE702980068F3
:10B65000806900F002010020B0EB510F3ED1FFE7FE
:10B6600002980199009AFFF747FD20B1FFE70120FA
:10B670008DF80F0036E00198013070B3FFE7F9F75D
:10B68000FBF90099401A0199884203D8FFE7019815
:10B6900010BBFFE702980068806900F002010020FB
:10B6A000B0EB510F17D1FFE70299486C40F0200032
:10B6B00048640299202081F841000299002081F815
:10B6C0004200FFE70299002081F84000FFE70120D7
:10B6D0008DF80F0006E0FFE7FFE7B7E700208DF8E1
:10B6E0000F00FFE79DF80F0004B080BD00000000D0
:10B6F00080B582B00190019A10689188927902F029
:10B700000102F9F799F901990020C87102B080BDD2
:10B7100080B584B00290029818B9FFE7002003902A
:10B7200020E0082009F030FE0190019818B9FFE7E9
:10B730000020039016E002980068019908600298C2
:10B7400080880199888002988079019900F0010031
:10B75000887101990020C8710198FFF7C9FF01980D
:10B760000390FFE7039804B080BD000000000000D4
:10B7700080B58AB008900898807C40F27001C2F2CF
:10B78000004108700899486809890022F9F754F9BE
:10B7900040F21800C2F200400DF11B0105F0B0F8B4
:10B7A0009DF81B00702804D0FFE70120ADF82600AB
:10B7B0006FE040F21800C2F20040042105F070FB77
:10B7C000FFE740F21800C2F200400DF11A0105F047
:10B7D00017FBFFE79DF81A000028F2D1FFE740F2BF
:10B7E0001800C2F2004003900121029105F060F8B8
:10B7F00003982B21009105F0F7FB0099039805F0C1
:10B800002FFA03980021049105F076FC049903981F
:10B8100005F0AEFA0499039805F046FC039804215C
:10B82000019105F07DFA03989DF8191041F001018E
:10B830008DF819109DF8191041F004018DF81910B8
:10B840009DF8191041F008018DF819109DF8191094
:10B850008DF81410059905F0B3F80299039805F0D6
:10B8600087F80499039805F05BF80299039805F0AE
:10B870005BF90199039805F02FF90299039805F0F7
:10B880003BFC0299039805F073FA0498ADF8260082
:10B89000FFE7BDF926000AB080BD000000000000EF
:10B8A00080B582B00190019800F1130140F21800B8
:10B8B000C2F2004005F060F902B080BD0000000057
:10B8C00080B584B0039040F21800C2F200400DF140
:10B8D000060104F075FFBDF9060005F099F99FED2A
:10B8E000101A8DED001A80EE010A039880ED050A0A
:10B8F000BDF9080005F08CF99DED001A80EE010AF3
:10B90000039880ED060ABDF90A0005F081F99DED66
:10B91000001A80EE010A039880ED070A04B080BD8A
:10B9200000007A440000000080B582B000900098CA
:10B93000FFF7B6FF0098C07CC007C8B1FFE70098CA
:10B94000C07C4008C00798B1FFE70098C07C800821
:10B95000C00768B1FFE70098FFF7B2FF009800F05A
:10B960000FF8009800F040F801208DF8070003E080
:10B9700000208DF80700FFE79DF8070002B080BDAA
:10B9800080B584B0039040F21800C2F200400DF17F
:10B99000060104F051FFBDF9060005F025F99FED01
:10B9A000101A8DED001A20EE010A039880ED080AA6
:10B9B000BDF9080005F018F99DED001A20EE010A06
:10B9C000039880ED090ABDF90A0005F00DF99DED17
:10B9D000001A20EE010A039880ED0A0A04B080BD27
:10B9E000A96892370000000080B582B0019040F253
:10B9F0001800C2F200400DF1020105F0B1FABDF9E4
:10BA0000020005F019F9019880ED0B0A02B080BD23
:10BA100080B584B00290029818B9FFE70020039027
:10BA20003DE0302009F0B0FC0190019818B9FFE723
:10BA30000020039033E001983021F4F797FC40F2A6
:10BA40008400C2F200400178019A91740199037850
:10BA500040F27402C2F2004242F823100178013130
:10BA600001700078013840F27001C2F200410870A4
:10BA700002980068019908600298008A019908827A
:10BA80000298C0680199C8600298008901990881EC
:10BA9000029840680199486001980390FFE7039875
:10BAA00004B080BD0000000082B001908DED000A5E
:10BAB00001989DED002A90ED001A90ED023AB7EE44
:10BAC000000A30EE410A20EE030AA1EE020A80EDE0
:10BAD000010A019948688860019890ED010A02B056
:10BAE000704700000000000083B001908DED000A57
:10BAF0009DED000AB5EE400AF1EE10FA0ADDFFE70F
:10BB00009DED000AB7EE001AB4EE410AF1EE10FA0C
:10BB100004DDFFE701208DF80B000AE00098019991
:10BB20000860019900204860019988608DF80B0039
:10BB3000FFE79DF80B0003B0704700000000000015
:10BB400080B586B0FFE744F2D840C5F60200016830
:10BB500041F001010160006800F0010005900598C6
:10BB6000FFE70B2000900521029100220392F9F7D4
:10BB70007BFC0098F9F76CFC0299039A0C20019069
:10BB8000F9F772FC0198F9F763FC0299039A0D200A
:10BB90000490F9F769FC0498F9F75AFC06B080BDE7
:10BBA00080B582B04EF26910C0F6000045F208621E
:10BBB000C0F601020021019105F0CAFB019940F293
:10BBC0006C02C2F2004210604EF26120C0F600002A
:10BBD00045F27452C0F6010205F0BAFB019940F239
:10BBE0004C02C2F2004210604EF22100C0F600008A
:10BBF00045F21452C0F6010205F0AAFB019940F289
:10BC00004002C2F2004210604EF2D910C0F60000AD
:10BC100045F25052C0F6010205F09AFB019940F23C
:10BC20004402C2F2004210604EF21940C0F6000019
:10BC300045F29852C0F6010205F08AFB019940F2E4
:10BC40005002C2F2004210604EF29950C0F600005D
:10BC500045F2BC52C0F6010205F07AFB019940F2B0
:10BC60005402C2F2004210604DF65170C0F600005E
:10BC700045F2F042C0F6010205F06AFB019940F27C
:10BC80003C02C2F2004210604DF6B960C0F60000FE
:10BC900045F2CC42C0F6010205F05AFB40F23801F1
:10BCA000C2F20041086002B080BD00000000000048
:10BCB00080B59AB0002019901890179016901590A2
:10BCC000FFE744F2E040C5F60200016841F01001D0
:10BCD0000160006800F0100014901498FFE7FFE77F
:10BCE00044F2E040C5F60200016841F080010160C5
:10BCF000006800F0800013901398FFE7FFE744F21C
:10BD0000E040C5F60200016841F0040101600068EE
:10BD100000F0040012901298FFE7FFE744F2E040C1
:10BD2000C5F60200016841F001010160006800F001
:10BD3000010011901198FFE7FFE744F2E040C5F6DB
:10BD40000200016841F002010160006800F0020099
:10BD500010901098FFE7FFE744F2E040C5F60200BC
:10BD6000016841F008010160006800F008000F90D0
:10BD70000F98FFE740F60000C5F60200029040F67B
:10BD8000D301019100220D92F8F756FE0D9A40F270
:10BD90000040C5F6020009904FF440510391F8F7B6
:10BDA0004BFE0D9A40F60040C5F6020005900821B2
:10BDB0000491F8F741FE099810210691012207929B
:10BDC000F8F73AFE019B0298079A0D99159316927F
:10BDD0001791189115A90A91F8F74AFC0A990D983C
:10BDE00048F2010215924FF4881216921790002023
:10BDF000C5F60200F8F73CFCDDF80CC0079B09987B
:10BE00000A990D9ACDF854C0169317921892F8F724
:10BE10002FFCDDF810C00598079B0A990D9ACDF804
:10BE200054C0169317921892F8F722FCDDF818C048
:10BE3000079B09980A990D9ACDF854C016930223CE
:10BE4000089317931892F8F713FC089A09980A991F
:10BE50000D9B4FF0800CCDF854C016931792F8F755
:10BE600007FC0D9A06200B900B210C91F9F7FCFAB8
:10BE70000B98F9F7EDFA0C990D9A28200E90F9F726
:10BE8000F3FA0E98F9F7E4FA1AB080BD000000004A
:10BE900080B582B040F2F410C2F20040019045F249
:10BEA0000041C4F20001016047F2B151C3F27001D8
:10BEB0004160002181600122C260016141618161B4
:10BEC000C1610162F8F780FE18B1FFE7F5F740FAAB
:10BED000FFE740F2F410C2F200400021F8F7D4FD71
:10BEE00018B1FFE7F5F734FAFFE740F2F410C2F2B9
:10BEF00000400021F8F714FE18B1FFE7F5F728FA23
:10BF0000FFE702B080BD000080B582B040F248205B
:10BF1000C2F20040009043F60001C4F2000101604B
:10BF20004FF4800141600021019181600722C260CD
:10BF30004FF00072026141614FF0806282614FF008
:10BF40008052C261016241628162C1624FF08042EF
:10BF500042638163C163016441648164C1640165BA
:10BF600041658165FCF700F818B1FFE7F5F7F0F9D6
:10BF7000FFE702B080BD000080B590B000210191C4
:10BF80000F910E910D910C910B910A9109910891CD
:10BF900007910691059104910391029140F2D020FE
:10BFA000C2F2004041F60002C4F200020260EF2239
:10BFB000426081604FF6FF72C26001618161FCF7EF
:10BFC00063FE18B1FFE7F5F7C3F9FFE74FF48050C0
:10BFD0000C9040F2D020C2F200400CA9FCF764FFA4
:10BFE00018B1FFE7F5F7B4F9FFE740F2D020C2F24D
:10BFF0000040FDF765FC18B1FFE7F5F7A9F9FFE789
:10C00000002009900B9040F2D020C2F2004009A914
:10C01000FCF78EFD18B1FFE7F5F79AF9FFE760200E
:10C020000290002203920492069240F2D020C2F2C3
:10C03000004002A9FDF76CFB18B1FFE7F5F788F99E
:10C04000FFE740F2D020C2F2004002A90422FDF72F
:10C050005FFB18B1FFE7F5F77BF9FFE740F2D0206F
:10C06000C2F20040FDF7F0FA10B080BD0000000001
:10C0700080B59CB0002001901B901A9019901890E8
:10C080001790169015901490139012901190109094
:10C090000F900E9003A82C21F4F768F9019940F253
:10C0A0001C30C2F20040029044F20002C4F20102CD
:10C0B0000260EF22426081604FF6FF72C260016150
:10C0C00041618161FCF7E0FD18B1FFE7F5F740F948
:10C0D000FFE74FF48050189040F21C30C2F200404D
:10C0E00018A9FCF7E1FE18B1FFE7F5F731F9FFE712
:10C0F00040F21C30C2F20040FDF7E2FB18B1FFE74E
:10C10000F5F726F9FFE700201590179040F21C3054
:10C11000C2F2004015A9FCF70BFD18B1FFE7F5F7D7
:10C1200017F9FFE760200E9000220F9210921192F3
:10C1300012921392149240F21C30C2F200400EA9E7
:10C14000FDF7E6FA18B1FFE7F5F702F9FFE740F26D
:10C150001C30C2F200400EA90422FDF7D9FA18B132
:10C16000FFE7F5F7F5F8FFE700200390049005904E
:10C17000069007904FF40051089109900D9040F2FD
:10C180001C30C2F2004003A9FCF746FC18B1FFE7DF
:10C19000F5F7DEF8FFE740F21C30C2F20040FDF791
:10C1A00053FA1CB080BD000080B58EB005A8009089
:10C1B0002421F4F7DBF80099002201920492039203
:10C1C000029240F26830C2F200404FF080430360B8
:10C1D000426082604FF0FF33C360026182610123DD
:10C1E000059306920793089209920A920B930C9278
:10C1F0000D92FCF741FF18B1FFE7F5F7A9F8FFE74B
:10C2000000200290049040F26830C2F2004002A97F
:10C21000FCF78EFC18B1FFE7F5F79AF8FFE70EB0D0
:10C2200080BD00000000000080B58EB005A8009021
:10C230002421F4F79BF800990022019204920392C2
:10C24000029240F2B430C2F2004040F20043C4F225
:10C2500000030360426082604FF6FF73C3600261B7
:10C2600082610123059306920793089209920A922C
:10C270000B930C920D92FCF7FFFE18B1FFE7F5F758
:10C2800067F8FFE700200290049040F2B430C2F259
:10C29000004002A9FCF74CFC18B1FFE7F5F758F88D
:10C2A000FFE70EB080BD000080B582B040F24C4088
:10C2B000C2F20040009041F20001C4F201010160AD
:10C2C0004FF4E1314160002101918160C160016161
:10C2D0000C2242618161C161016241628162FEF7AB
:10C2E000B7FC18B1FFE7F5F733F8FFE740F24C4031
:10C2F000C2F200400021FDF73FFF18B1FFE7F5F75C
:10C3000027F8FFE740F24C40C2F200400021FDF761
:10C31000EBFE18B1FFE7F5F71BF8FFE740F24C40E2
:10C32000C2F20040FDF780FC18B1FFE7F5F710F806
:10C33000FFE702B080BD000080B582B040F2E0406F
:10C34000C2F20040009044F20041C4F200010160DA
:10C350004FF4E1314160002101918160C1600161D0
:10C360000C2242618161C161016241628162FEF71A
:10C370006FFC18B1FFE7F4F7EBFFFFE740F2E04096
:10C38000C2F200400021FDF7F7FE18B1FFE7F4F715
:10C39000DFFFFFE740F2E040C2F200400021FDF77E
:10C3A000A3FE18B1FFE7F4F7D3FFFFE740F2E04048
:10C3B000C2F20040FDF738FC18B1FFE7F4F7C8FF00
:10C3C000FFE702B080BD000080B586B00590049103
:10C3D00003920293059890ED023A90ED032A90EDB6
:10C3E000041A90ED050A21EE000AA3EE020AF6EE09
:10C3F000000ACDED000AE2EE420AE1EE410A07F042
:10C40000CDFF049880ED000A049890ED000A9FED9E
:10C41000271A8DED011A20EE010A80ED000A059819
:10C4200080ED0A0A059890ED020A90ED031A90ED4E
:10C43000043A90ED052A20EE030A91EE020AB8EEC6
:10C44000001A20EE010A07F013FFDDED000A9DED52
:10C45000011A20EE010A039880ED000A059880ED8C
:10C460000B0A059890ED020A90ED033A90ED042A2C
:10C4700090ED051A20EE010AA3EE020AE2EE420A4E
:10C48000E1EE410A07F08AFF9DED011A029880ED66
:10C49000000A029890ED000A20EE010A80ED000AE1
:10C4A000059880ED0C0A06B080BD00BFE12E654204
:10C4B00080B596B015908DED140ACDED130A8DED73
:10C4C000121A9DED141A9DED130A20EE000AA1EE3A
:10C4D000010A9DED121AA1EE010A00F02DFB8DED6F
:10C4E000110A9DED111A9DED140A20EE010A8DED41
:10C4F000140A9DED111A9DED130A20EE010A8DED2F
:10C50000130A9DED111A9DED120A20EE010A8DED20
:10C51000120A9DED140AB1EE400ADDED120A07F091
:10C520003DFF8DED0F0A9DED130ADDED120A07F0B8
:10C5300035FF8DED0E0A002010909DED0E0A08F0DB
:10C540002BF98DED070A9DED0E0A08F07DF88DEDB3
:10C55000060A9DED0F0A08F077F88DED040A9DEDAF
:10C560000F0A08F019F98DED050A9DED0E0AB6EED9
:10C57000001A8DED011A20EE010A08F065F89DED14
:10C58000011A8DED0D0A9DED0F0A20EE010A08F04B
:10C590005BF89DED011A8DED0C0A9DED100A20EE61
:10C5A000010A08F051F89DED011A8DED0B0A9DED81
:10C5B0000E0A20EE010A08F0EFF89DED011A8DED4C
:10C5C0000A0A9DED0F0A20EE010A08F0E5F89DED3C
:10C5D000011A8DED090A9DED100A20EE010A08F0FE
:10C5E000DBF88DED080A9DED0D0A9DED0C1A20EE8D
:10C5F000011A9DED0B2A9DED0A0A9DED093A20EEE8
:10C60000030A9DED083A20EE030AA1EE020A1598EE
:10C6100080ED020A9DED0A0A9DED0C1A20EE011A2A
:10C620009DED0B2A9DED0D0A9DED093A20EE030AC2
:10C630009DED083A20EE030A91EE020A159880ED6E
:10C64000030A9DED0D0A9DED091A20EE011A9DEDDC
:10C650000B2A9DED0A0A9DED0C3A20EE030A9DED92
:10C66000083A20EE030AA1EE020A159880ED040AAA
:10C670009DED0D0A9DED0C1A20EE011A9DED082A84
:10C680009DED0A0A9DED093A20EE030A9DED0B3A55
:10C6900020EE030A91EE020A159880ED050A15981E
:10C6A00090ED023A90ED030A90ED042A90ED051A00
:10C6B00020EE000AA3EE030AA2EE020AA1EE010A8E
:10C6C00000F03AFA8DED110A9DED111A159890EDD2
:10C6D000020A20EE010A80ED020A9DED111A15985A
:10C6E00090ED030A20EE010A80ED030A9DED111A78
:10C6F000159890ED040A20EE010A80ED040A9DEDE4
:10C70000111A159890ED050A20EE010A80ED050A30
:10C7100016B080BD0000000080B584B00290029881
:10C7200018B9FFE70020039043E0029890ED000A5B
:10C73000B5EE400AF1EE10FA12DBFFE7029890ED39
:10C74000010AB5EE400AF1EE10FA09DBFFE70298A4
:10C7500090ED020AB5EE400AF1EE10FA03DCFFE7B5
:10C760000020039025E0FFE7342005F00DFE019046
:10C77000019818B9FFE7002003901AE001983421CE
:10C78000F3F7F4FD029890ED000A30EE000A0198EC
:10C7900080ED000A029890ED010A30EE000A01983F
:10C7A00080ED010A0298806801994862019803901F
:10C7B000FFE7039804B080BD80B592B011908DED75
:10C7C000100ACDED0F0A8DED0E1ACDED0D1A8DED7F
:10C7D0000C2ACDED0B2A9DED0D1A9DED0C0A20EED5
:10C7E000000AA1EE010A9DED0B1AA1EE010A00F06C
:10C7F000A3F98DED0A0A9DED0A1A9DED0D0A20EEB2
:10C80000010A8DED0D0A9DED0A1A9DED0C0A20EE30
:10C81000010A8DED0C0A9DED0A1A9DED0B0A20EE22
:10C82000010A8DED0B0A119890ED020A90ED031AA2
:10C8300090ED043A90ED052A20EE030A91EE020AEB
:10C840008DED090A119890ED021A90ED032A90EDF2
:10C85000040A90ED053A20EE030AA1EE020A8DEDDE
:10C86000080A119890ED022A90ED051ABEEE000A12
:10C87000A2EE020AA1EE010A8DED070A9DED0C1A47
:10C880009DED072A9DED0B0A9DED083A20EE030A67
:10C8900091EE020A8DED060A9DED0B1A9DED092A17
:10C8A0009DED0D0A9DED073A20EE030A91EE020A76
:10C8B0008DED050A9DED0D1A9DED082A9DED0C0AE2
:10C8C0009DED093A20EE030A91EE020A8DED040A6D
:10C8D00011989DED063A90ED011A90ED060A90ED43
:10C8E000092A21EE031AA1EE020A80ED060A119828
:10C8F0009DED053A90ED011A90ED070A90ED092A99
:10C9000021EE031AA1EE020A80ED070A11989DEDAF
:10C91000043A90ED011A90ED080A90ED092A21EEF3
:10C92000031AA1EE020A80ED080A119890ED061A8A
:10C930009DED100A30EE010A8DED100A119890ED70
:10C94000071A9DED0F0A30EE010A8DED0F0A1198BE
:10C9500090ED081A9DED0E0A30EE010A8DED0E0ADB
:10C96000119890ED001A9DED062A9DED100AA1EE9A
:10C97000020A8DED100A119890ED001A9DED052A1E
:10C980009DED0F0AA1EE020A8DED0F0A119890EDB0
:10C99000001A9DED042A9DED0E0AA1EE020A8DED0E
:10C9A0000E0A119890ED090AB6EE001A20EE012A3F
:10C9B0009DED100A20EE020A8DED100A119890EDFF
:10C9C000090A20EE012A9DED0F0A20EE020A8DEDE4
:10C9D0000F0A119890ED090A20EE011A9DED0E0A3A
:10C9E00020EE010A8DED0E0A1198806803901198CF
:10C9F000C06802901198006901909DED020A9DEDBA
:10CA0000102A9DED011A9DED0F3A21EE031AA0EEBA
:10CA1000021A119890ED020A90ED052A9DED0E3A4A
:10CA2000A2EE031A30EE410A80ED020A9DED030AE0
:10CA30009DED102A9DED011A9DED0E3A21EE031A8F
:10CA4000A0EE021A119890ED030A90ED052A9DEDD3
:10CA50000F3AA2EE431A30EE010A80ED030A9DED73
:10CA6000030A9DED0F2A9DED021A9DED0E3A21EE6F
:10CA7000031A90EE021A119890ED040A90ED052A1F
:10CA80009DED103AA2EE031A30EE010A80ED040A81
:10CA90009DED030A9DED0E2A9DED021A9DED0F3AC4
:10CAA00021EE031AA0EE021A9DED010A9DED102A57
:10CAB000A0EE421A119890ED050A30EE010A80EDC1
:10CAC000050A119890ED023A90ED030A90ED042AC0
:10CAD00090ED051A20EE000AA3EE030AA2EE020A68
:10CAE000A1EE010A00F028F88DED0A0A9DED0A1A60
:10CAF000119890ED020A20EE010A80ED020A9DEDE8
:10CB00000A1A119890ED030A20EE010A80ED030A3B
:10CB10009DED0A1A119890ED040A20EE010A80EDAD
:10CB2000040A9DED0A1A119890ED050A20EE010AFB
:10CB300080ED050A12B080BD84B08DED030A9DED35
:10CB4000030AB6EE001A20EE010A8DED020A0398E0
:10CB5000019001980090009945F6DF10C5F63770F6
:10CB6000A0EB61000090009801909DED010A9DED01
:10CB7000021A21EE003AB7EE081AB0EE412AA3EEEF
:10CB8000402A20EE020A8DED010A9DED010A9DED7D
:10CB9000022A22EE002AA2EE401A20EE010A8DEDB2
:10CBA000010A9DED010A04B070470000000000007A
:10CBB000FFE7FEE700000000FFE7FEE700000000DF
:10CBC00088B0079006910592079800F0070004903E
:10CBD0000498C0F10700052803D3FFE70420019063
:10CBE00004E00498C0F107000190FFE7019803906A
:10CBF00004980430062803D8FFE70020009003E0E3
:10CC0000049803380090FFE7009802900698039973
:10CC1000012202FA01F101390840029B984005996E
:10CC20009A40013A1140084308B0704700000000E4
:10CC300080B586B005908DED040AF7F71DFF0390CF
:10CC400003980599C968401A029003980599C8602D
:10CC500004980599C864059890F82C00C00740B363
:10CC6000FFE7059890ED0C1A90ED130AB0EEC00A9C
:10CC7000B4EE410AF1EE10FA1ADAFFE7059890EDEA
:10CC80000C1A90ED132A90ED160A82EE011AB0EEFE
:10CC9000C13AB7EE001A31EE431A21EE021A9DEDA9
:10CCA000022AB8EE422AA1EE020A80ED160AFFE738
:10CCB00039E0059890F82000C00728B3FFE70598F1
:10CCC00090ED091A90ED130AB4EE410AF1EE10FA54
:10CCD00019DAFFE7059890ED0A1A90ED130AB4EE01
:10CCE000410AF1EE10FA0EDDFFE705989DED020A0C
:10CCF000B8EE402A90ED131A90ED160AA1EE020A42
:10CD000080ED160AFFE70DE005989DED020AB8EEEA
:10CD1000402A90ED131A90ED160AA1EE020A80ED5A
:10CD2000160AFFE7FFE7059890ED130A90ED141A35
:10CD300030EE410A9DED021AB8EE411A80EE010A6A
:10CD400080ED170A059890F83400C00700B3FFE79C
:10CD5000059890ED0E1A90ED160AB4EE410AF1EE28
:10CD600010FA04DDFFE70599886B88650FE00598E8
:10CD700090ED0F1A90ED160AB4EE410AF1EE10FA9A
:10CD800004DAFFE70599C86B8865FFE7FFE7FFE76F
:10CD9000059890ED000A90ED131A20EE010A80ED3F
:10CDA000180A059890ED010A90ED161A20EE010A76
:10CDB00080ED190A0598007CC007A8B1FFE7059926
:10CDC00001F1140091ED020A8DED010A91ED170AAF
:10CDD000FEF76AFEB0EE401A9DED010A20EE010A50
:10CDE000059880ED1A0A09E0059890ED020A90ED89
:10CDF000171A20EE010A80ED1A0AFFE7059890ED58
:10CE0000180A90ED192A90ED1A1A30EE020A30EE47
:10CE1000010A80ED1B0A059890F84000C00700B396
:10CE2000FFE7059890ED111A90ED1B0AB4EE410A48
:10CE3000F1EE10FA04DDFFE70599486CC8660FE0D3
:10CE4000059890ED121A90ED1B0AB4EE410AF1EE2E
:10CE500010FA04DAFFE70599886CC866FFE7FFE778
:10CE6000FFE70599C86C0865059890ED1B0A06B0A8
:10CE700080BD00000000000080B584B002900298E0
:10CE800018B9FFE70020039020E0702005F07CFA3D
:10CE90000190019818B9FFE70020039016E001986F
:10CEA0007021F3F763FA029880680199886002980C
:10CEB0004068019948600298006801990860F7F796
:10CEC000DBFD0199C86001980390FFE7039804B067
:10CED00080BD00000000000084B002908DED010ACA
:10CEE000CDED000A029850B1FFE79DED010A9DEDDE
:10CEF000001AB4EE410AF1EE10FA04DDFFE701205A
:10CF00008DF80F000DE00299012081F8340001989E
:10CF10000299C86300980299886300208DF80F0079
:10CF2000FFE79DF80F0004B070470000000000000C
:10CF300084B002908DED010ACDED000A029850B147
:10CF4000FFE79DED010A9DED001AB4EE410AF1EEF6
:10CF500010FA04DDFFE701208DF80F000DE00299C3
:10CF6000012081F8200001980299886200980299B6
:10CF7000486200208DF80F00FFE79DF80F0004B015
:10CF8000704700000000000080B584B002908DED75
:10CF9000010A029890B1FFE79DED010AB5EE400A43
:10CFA000F1EE10FA0ADBFFE79DED010AB7EE001A79
:10CFB000B4EE410AF1EE10FA04DDFFE701208DF82E
:10CFC0000F000CE0029901200874029814309DEDC6
:10CFD000010AFEF789FD00208DF80F00FFE79DF89C
:10CFE0000F0004B080BD000080B582B0019040F217
:10CFF0007550C2F200400078102802DBFFE7FFE71F
:10D00000FEE7142008F0C0F90090009900200861A4
:10D01000C8608860486008600198006800990860EE
:10D020000198406800994860019880680099C8603C
:10D030000198C068009908610098006800F024F821
:10D0400000998860009908684968FCF795FC009889
:10D0500090ED030A00F05CF9009890ED040A00F0EE
:10D06000A7F8009840F27553C2F200431A78511C99
:10D07000197040F28861C2F2004141F82200009824
:10D0800002B080BD0000000080B586B00490049816
:10D09000006802900298B0F1804F30D0FFE702980C
:10D0A00040F20041C4F20001884228D0FFE7029814
:10D0B00040F60001C4F20001884220D0FFE7029848
:10D0C00040F60041C4F20001884218D0FFE7029800
:10D0D00041F60001C4F20001884210D0FFE7029837
:10D0E00041F60041C4F20001884208D0FFE70298EF
:10D0F00042F20001C4F20001884215D1FFE7F9F7BE
:10D10000DFFF039044F21C40C5F602000068C0F344
:10D1100002100190019820B1FFE7039840000590AC
:10D1200042E0039805903FE002980021C4F201011B
:10D13000884220D0FFE7029840F20041C4F201018A
:10D14000884218D0FFE7029844F20001C4F20101BE
:10D15000884210D0FFE7029844F20041C4F2010176
:10D16000884208D0FFE7029844F60001C4F20101AA
:10D17000884215D1FFE7F9F7B7FF039044F21C404E
:10D18000C5F602000068C0F302200090009820B1AC
:10D19000FFE703984000059006E00398059003E040
:10D1A000FFE700200590FFE7059806B080BD00006E
:10D1B00086B005908DED040A0498059908610598DC
:10D1C0004068A8B9FFE79DED040A0598006800686B
:10D1D00090ED0B1AB8EE411A20EE010ABCEEC00A1F
:10D1E00010EE100A05980068006880ED0D0A8CE0CA
:10D1F00005984068042816D1FFE79DED040A0598BC
:10D200000068006890ED0B1AB8EE411A20EE010A92
:10D21000BCEEC00A10EE100A05990968096881ED94
:10D220000E0A03906FE005984068082816D1FFE7C2
:10D230009DED040A05980068006890ED0B1AB8EEA1
:10D24000411A20EE010ABCEEC00A10EE100A059940
:10D250000968096881ED0F0A029051E0059840685D
:10D260000C2816D1FFE79DED040A059800680068B8
:10D2700090ED0B1AB8EE411A20EE010ABCEEC00A7E
:10D2800010EE100A05990968096881ED100A0190ED
:10D2900033E005984068102816D1FFE79DED040A99
:10D2A00005980068006890ED0B1AB8EE411A20EE60
:10D2B000010ABCEEC00A10EE100A05990968096857
:10D2C00081ED160A009015E09DED040A05980068AE
:10D2D000006890ED0B1AB8EE411A20EE010ABCEE80
:10D2E000C00A10EE100A05990968096881ED170A4D
:10D2F0000090FFE700980190FFE701980290FFE798
:10D3000002980390FFE70398FFE706B0704700001C
:10D3100082B001908DED000A00980199C860FFE786
:10D320009DED000A01980268816810685268013218
:10D33000B1FBF2F101EE101AB8EE411A20EE010A2B
:10D34000BCEEC00A80ED0B0A9DED000A0199086849
:10D35000896842680132B1FBF2F101EE101AB8EEB1
:10D36000411A20EE010ABCEEC00A80ED030AFFE775
:10D3700002B070470000000080B582B001900199B2
:10D3800008684968FCF7F8FA02B080BD00000000A8
:10D39000EFF30980BFF36F8F154B1A681EF0100F63
:10D3A00008BF20ED108A20E9F04F10602DE9090038
:10D3B0004FF0500080F31188BFF34F8FBFF36F8F92
:10D3C00005F0F6FD4FF0000080F31188BDE809007C
:10D3D00019680868B0E8F04F1EF0100F08BFB0ECF5
:10D3E000108A80F30988BFF36F8F704700BF00BFBA
:10D3F000C80600240000000080B5B2B002A8019069
:10D40000C021F2F7B3FF0198002103914FF00042D1
:10D4100002921791F8F748FB18B1FFE7F3F798FF6E
:10D42000FFE732B080BD000080B586B00490039164
:10D4300000208DF8070044F22840C5F6020000687D
:10D4400000F00300032804D1FFE701208DF8170046
:10D45000CBE044F20041C5F60201086820F080608C
:10D460000860F7F709FB0290FFE744F20040C5F6B9
:10D470000200006800F000610020B0EBD16F0CD01A
:10D48000FFE7F7F7F9FA0299401A032804D3FFE7F8
:10D4900003208DF81700A8E0E7E7FFE744F22841F2
:10D4A000C5F60201086820F47C30049A126840EA4C
:10D4B0000230086004994868D1F808C0CB680A694E
:10D4C00001386FF35F204FF60061CFF6FF7101EB7B
:10D4D0004C2189B208440021CFF6FF7101EB0341D2
:10D4E00001F4FE0108444FF07F4101EB026101F0BD
:10D4F000FE41084444F23841C5F602010860FFE7E6
:10D5000044F22C41C5F602010091086820F0C000E9
:10D51000049A526910430860086820F02000049AB9
:10D52000926910430860086820F01000086044F217
:10D530003C42C5F6020210684FF6F8739843049B0C
:10D54000DB6940EAC3001060086840F01000086022
:10D55000039848B9FFE744F22C41C5F60201086878
:10D5600040F40020086016E00398012809D1FFE785
:10D5700044F22C41C5F60201086840F480100860AE
:10D5800008E044F22C41C5F60201086840F400109E
:10D590000860FFE7FFE744F20041C5F602010868B2
:10D5A00040F080600860F7F767FA0290FFE744F206
:10D5B0000040C5F60200006800F000610020B0EBFA
:10D5C000D16F0CD1FFE7F7F757FA0299401A0328F9
:10D5D00004D3FFE703208DF8170006E0E7E7FFE735
:10D5E0009DF807008DF81700FFE79DF8170006B0BB
:10D5F00080BD00000000000080B586B0049003915B
:10D6000000208DF8070044F22840C5F602000068AB
:10D6100000F00300032804D1FFE701208DF8170074
:10D62000CBE044F20041C5F60201086820F08050CA
:10D630000860F7F721FA0290FFE744F20040C5F6D0
:10D640000200006800F000510020B0EB517F0CD0C8
:10D65000FFE7F7F711FA0299401A032804D3FFE70E
:10D6600003208DF81700A8E0E7E7FFE744F2284120
:10D67000C5F60201086820F07C70049A126840EA3E
:10D680000250086004994868D1F808C0CB680A695C
:10D6900001386FF35F204FF60061CFF6FF7101EBA9
:10D6A0004C2189B208440021CFF6FF7101EB034100
:10D6B00001F4FE0108444FF07F4101EB026101F0EB
:10D6C000FE41084444F24041C5F602010860FFE70C
:10D6D00044F22C41C5F602010091086820F4406034
:10D6E000049A526910430860086820F40070049A94
:10D6F000926910430860086820F48070086044F262
:10D700004442C5F6020210684FF6F8739843049B32
:10D71000DB6940EAC3001060086840F4807008606C
:10D72000039848B9FFE744F22C41C5F602010868A6
:10D7300040F48000086016E00398012809D1FFE753
:10D7400044F22C41C5F60201086840F4000008606C
:10D7500008E044F22C41C5F60201086840F08070F0
:10D760000860FFE7FFE744F20041C5F602010868E0
:10D7700040F080500860F7F77FF90290FFE744F22D
:10D780000040C5F60200006800F000510020B0EB38
:10D79000517F0CD1FFE7F7F76FF90299401A032880
:10D7A00004D3FFE703208DF8170006E0E7E7FFE763
:10D7B0009DF807008DF81700FFE79DF8170006B0E9
:10D7C00080BD00000000000082B001900198006858
:10D7D0004069009001980168886940F008008861FC
:10D7E00001980168886940F010008861019801681B
:10D7F000086820F00100086001980168086940F29B
:10D800006F329043086101980168886820F44040B5
:10D810008860019890F88100042815D0FFE79DF8F2
:10D820000000800600280ED5FFE70199D1F884009A
:10D8300040F08000C1F8840001980168886940F0D8
:10D8400020008861FFE7FFE7019890F88100032836
:10D8500015D0FFE79DF80000400600280ED5FFE731
:10D860000199D1F8840040F00400C1F884000198C7
:10D870000168886940F040008861FFE7FFE79DF894
:10D880000100800700280ED5FFE70199D1F8840038
:10D8900040F00100C1F8840001980168886940F4F3
:10D8A00000708861FFE79DF80100C00770B1FFE7D5
:10D8B0000199D1F8840040F00800C1F88400019873
:10D8C0000168886940F480708861FFE70199002051
:10D8D000A1F862000199A1F86A0002B07047000047
:10D8E00083B002900298C16B012000EB51100190AF
:10D8F0000298C0680130009000980730C00800907E
:10D9000000980199484303B07047000000000000F0
:10D9100080B586B0DDF820C0049003918DF80B200F
:10D920000193FFE704980068406903990840401A92
:10D93000B0FA80F040099DF80B10884214D1FFE73F
:10D94000F7F79AF80899401A0199884204D3FFE73B
:10D950000198013018B9FFE7019820B9FFE70320CB
:10D960008DF8170004E0DDE700208DF81700FFE7D1
:10D970009DF8170006B080BD80B584B08446069837
:10D98000CDF80CC0ADF80A10ADF80820ADF806309F
:10D99000ADF8040003982A2100F046FA0398BDF878
:10D9A0000A1000F019FA0398BDF8061000F014FAF6
:10D9B00003982B2100F038FA0398BDF8081000F006
:10D9C0000BFA0398BDF8041000F006FA03982C2116
:10D9D00000F02AFA04B080BD10B586B08C468646A9
:10D9E00009980899CDF814E0ADF812C0ADF81020F0
:10D9F000ADF80E30ADF80C10ADF80A000598418C6A
:10DA0000BDF812000844ADF812000598818CBDF8ED
:10DA100010000844ADF810000598418CBDF80E00C8
:10DA20000844ADF80E000598818CBDF80C00084440
:10DA3000ADF80C000598BDF81210BDF81020BDF827
:10DA40000E30013BBDF80CC0ACF1010C1FFA8CFC90
:10DA5000EE46CEF800C09BB2FFF78EFFBDF8100077
:10DA6000ADF80800FFE7BDF80800BDF80C108842CB
:10DA70001FDAFFE7BDF81200ADF80600FFE7BDF8BA
:10DA80000600BDF80E1088420CDAFFE70598BDF8D5
:10DA90000A1000F0A1F9FFE7BDF806000130ADF86B
:10DAA0000600ECE7FFE7BDF808000130ADF808001C
:10DAB000D9E706B010BD000080B596B01590ADF85E
:10DAC0005210ADF85020BDF8520015994884BDF8A9
:10DAD00050001599888415980021059104F07CFD6B
:10DAE0000599159804F0F0FD32201190F6F778FDB5
:10DAF00015980121039104F0E7FD1198F6F770FDE8
:10DB00000399159804F068FD15981121129100F001
:10DB10008BF90A200A90F6F763FD159836210F91CC
:10DB200000F082F90599159800F06EF915983A21E0
:10DB300000F07AF915980521079100F065F915981C
:10DB4000B22100F071F915980C21019100F05CF9F7
:10DB50000199159800F058F90599159800F054F9B5
:10DB6000159833210D9100F04FF90D99159800F09B
:10DB70004BF91598B72100F057F915983521029106
:10DB800000F042F91598BB2100F04EF90299159862
:10DB900000F03AF91598C02100F046F915982C21AB
:10DBA00000F032F91598C22100F03EF9039915985A
:10DBB00000F02AF91598C32100F036F915981321C1
:10DBC00000F022F91598C42100F02EF915982021B3
:10DBD00000F01AF91598C62100F026F915980F21C2
:10DBE00000F012F91598D02100F01EF91598A42123
:10DBF00000F00AF91598A121049100F005F9159893
:10DC0000D62100F011F90499159800F0FDF8159847
:10DC1000E02100F009F91598F021099100F0F4F8DD
:10DC20000599159800F0F0F815980421069100F078
:10DC3000EBF80699159800F0E7F80699159800F0AA
:10DC4000E3F80799159800F0DFF81598292113914A
:10DC500000F0DAF80D99159800F0D6F815983E21E5
:10DC60000E9100F0D1F81598382100F0CDF81598F4
:10DC70001221089100F0C8F80899159800F0C4F82E
:10DC8000159828210C9100F0BFF81598302100F06C
:10DC9000BBF81598E12100F0C7F80999159800F034
:10DCA000B3F8159807210B9100F0AEF80A99159872
:10DCB00000F0AAF815980D2100F0A6F815980B2190
:10DCC00000F0A2F80B99159800F09EF80C991598A1
:10DCD00000F09AF80D99159800F096F80E9915989D
:10DCE00000F092F80F99159800F08EF8159814210D
:10DCF000109100F089F81099159800F085F81399A3
:10DD0000159800F081F81199159800F07DF8159894
:10DD1000212100F089F81299159800F085F87820F3
:10DD2000F6F75EFC1399159800F07EF816B080BDEA
:10DD300080B584B00290029818B9FFE700200390E4
:10DD400047E00298006880B1FFE70298C06960B1BF
:10DD5000FFE70298406940B1FFE70298C06820B130
:10DD6000FFE70298406818B9FFE70020039030E011
:10DD7000282007F009FB0190019818B9FFE700205F
:10DD8000039026E00298008C019908840298C069EB
:10DD90000199C8610298008B019908830298406933
:10DDA000019948610298008A019908820298C06826
:10DDB0000199C86002980089019908810298406819
:10DDC00001994860029800680199086001980390E1
:10DDD000FFE7039804B080BD80B582B00190ADF834
:10DDE00002100198012104F037FC01989DF80310FE
:10DDF00000F02EF801989DF8021000F029F802B00A
:10DE000080BD00000000000080B582B001908DF858
:10DE100003100198012104F01FFC01989DF80310E4
:10DE200000F016F802B080BD80B582B001908DF888
:10DE300003100198002104F00FFC01989DF80310D5
:10DE400000F006F80198012104F006FC02B080BD44
:10DE500080B582B001908DF803100198002104F084
:10DE6000DBFB01989DF8031004F016FC01980121DA
:10DE700004F0D2FB02B080BD0000000000000000F2
:10DE8000074B19680868B0E8F04F80F30988BFF3C2
:10DE90006F8F4FF0000080F31188704700BF00BF04
:10DEA000C80600240000000080B56FF004000021C7
:10DEB00002F02EFC80BD000080B588B007900020E5
:10DEC00000900690052001900590642004F0C8FEA3
:10DED0000098049003904DF20A70C3F6A35002908C
:10DEE00002A8FEF7C9FF40F26801C2F200410860D3
:10DEF00005F062FE0199069006A804F0E9FEFFE72E
:10DF000040F26800C2F20040006840F65431C2F2AC
:10DF1000004191ED000A40F28051C2F200410968CF
:10DF200091ED081A30EE410A9FED081A30EE010A11
:10DF3000FEF77EFE40F28800C2F2004080ED000A4B
:10DF400006A8052104F0C4FEDAE700BFF4FDD43BC7
:10DF500080B588B0079000200690142001900590AD
:10DF6000642004F07DFE4FF07C5004904DF20A7066
:10DF7000C3F6A330039043F23330C3F6B36002908C
:10DF800002A8FEF779FF014640F26400C2F20040A9
:10DF90000090016000689FED1E0ADFED1E0AFEF78B
:10DFA0009BFF00980068BAEE040AF2EE040AFEF73E
:10DFB000BFFF009800689FED180AFEF7E5FF05F027
:10DFC000FBFD0199069006A804F082FEFFE740F2EF
:10DFD0006400C2F20040006840F65031C2F20041D5
:10DFE00091ED000A40F28851C2F2004191ED001A11
:10DFF00030EE410AFEF71CFE40F65430C2F20040FB
:10E0000080ED000A06A8142104F062FEDFE700BFDD
:10E0100000007AC400007A44CDCCCC3D0000000062
:10E0200080B58EB00D9005200C9045F2544CC0F692
:10E03000010CDCF80000DCF80410DCF80820DCF847
:10E040000C30DCF810C0CDF82CC00A93099208916E
:10E05000079007A8FDF7DCFC014640F28050C2F2B1
:10E060000040029001600068FDF782FB322004F05E
:10E07000F7FD4DF20A70C3F6A33006904CF6CD4082
:10E08000C3F64C5005900020C4F2A000049004A8F0
:10E09000FEF742FB0146029840F28452C2F200426F
:10E0A000039211600068FDF73FFC02990398006835
:10E0B000096891ED050AD1ED060A91ED071AFEF700
:10E0C000F7F905F079FD40F25801C2F2004108600D
:10E0D000FFE740F28050C2F2004000900068FDF778
:10E0E00023FC009940F28450C2F200400190006885
:10E0F0000968D1ED051A91ED062AD1ED072A91EDB7
:10E10000080A9FED151A30EE010A91ED091A9FEDEC
:10E11000133A71EE030A91ED0A1A9FED113A31EEAE
:10E12000031AFEF749FB0198006840F28851C2F2D9
:10E13000004140F64032C2F2004244F65C73C2F243
:10E140000043FEF741F940F25800C2F200400521B9
:10E1500004F0BEFDBDE700BFF4FDD4BB3480373B07
:10E160004260E5BB0000000080B58AB00990FFE77F
:10E1700040F64830C2F20040006890ED180A90ED79
:10E18000191A90ED1A2A90ED1B4AB7EEC00AB7EEA5
:10E19000C11AB7EEC22A40F64430C2F2004090EDF8
:10E1A000003AB7EEC33AB7EEC44A684680ED064B74
:10E1B00080ED043B80ED022B80ED001B53EC102B17
:10E1C00045F22C60C0F6010006F02EF80A2003F09C
:10E1D00053F8CDE70000000010B590B00F9045F265
:10E1E0006842C0F601020392106851689368D2F841
:10E1F0000CC0D2F810E054690B94CDF828E0CDF8AB
:10E2000024C00893079106909069D169126A0E9212
:10E210000D910C9006A8FFF78BFD014640F64C309F
:10E22000C2F20040049001600068002105911322B1
:10E23000FFF742FC0498059A00686B464FF6FF71A1
:10E2400059604FF48C711960F0231146FFF7C4FB3D
:10E25000FFE7322004F004FDFBE7000000000000AF
:10E2600080B596B015906420149005F0A5FC40F29E
:10E270005C01C2F2004108602020C0F2010013904E
:10E2800041F20000C5F6020012904021C0F20101E7
:10E290001191109012A8FDF73BFA40F27851C2F2AA
:10E2A0000041086010A8FDF733FA40F27C51C2F239
:10E2B0000041086045F28C43C0F6010318685968B4
:10E2C0009A68DB680F930E920D910C900CA8FEF7E4
:10E2D0008BFE40F28061C2F20041086045F29C432F
:10E2E000C0F60103186859689A68DB680B930A92B4
:10E2F0000991089008A8FEF777FE40F28461C2F207
:10E300000041086000208DF81F00FFE79DF81F0006
:10E31000C0B3FFE740F28060C2F2004006900068A0
:10E3200090ED040AB7EEC00A9FED371B8DED041B7C
:10E3300030EE010BB7EEC00BFEF73AFF9DED041B6C
:10E3400040F28460C2F20040006890ED040AB7EE2B
:10E35000C00A30EE410BB7EEC00BFEF729FF06985E
:10E36000006890ED040AB7EEC00A9FED291BB4EED9
:10E37000410BF1EE10FA04DDFFE700208DF81F00DD
:10E38000FFE737E040F28060C2F200400190006891
:10E3900090ED040AB7EEC00A9FED1B1B8DED021B2A
:10E3A00030EE410BB7EEC00BFEF702FF9DED021BF6
:10E3B00040F28460C2F20040006890ED040AB7EEBB
:10E3C000C00A30EE010BB7EEC00BFEF7F1FE01986C
:10E3D0009DED021B006890ED040AB7EEC00AB4EE92
:10E3E000410BF1EE10FA04DAFFE701208DF81F006F
:10E3F000FFE7FFE740F25C00C2F20040642104F056
:10E4000067FC83E700BF00BF9A9999999999B93F32
:10E41000CDCCCCCCCCCCEC3FB0B5A8B02790322042
:10E42000269045F2AC43C0F60103186859689A6813
:10E43000DB68259324922391229022A8189040F61D
:10E440000000C5F60200079019904021ADF8681051
:10E450001B908020ADF8700040F26830C2F200409E
:10E460001D90002003901E90042004901F900D200A
:10E470000590209014200690219018A800F0B8FA7A
:10E48000039B049A05998446069840F65C3EC2F2C6
:10E49000004ECDF820E0CEF800C045F2BC45C0F6F5
:10E4A0000105D5F800C0D5F804E0AC68ED68179513
:10E4B0001694CDF854E0CDF850C00DF1500CCDF8C5
:10E4C00028C040F2004CC5F6020CCDF82CC04FF429
:10E4D000805EADF830E0CDF834C04FF4005CADF8AC
:10E4E00038C040F2B43CC2F2004CCDF83CC01093AE
:10E4F0001192129113900AA800F07AFA0146079837
:10E5000040F66032C2F200420992116010210122ED
:10E51000F6F792FA0898006800F05EFA0998006829
:10E5200000F05AFA0898006800F03EFA099800686E
:10E5300000F03AFA05F040FB40F26001C2F20041FF
:10E540000860FFE740F65C30C2F2004001900068CE
:10E5500040F28801C2F20041009191ED000A00F002
:10E56000ABFA009940F66030C2F2004002900068B9
:10E5700091ED000A00F0A0FA0198006800F0BCF9E3
:10E580000298006800F0B8F940F26000C2F2004062
:10E59000322104F09DFBD5E780B588B007900020BC
:10E5A0000090069064200190059004F059FB0098BB
:10E5B0000021C4F220110491039043F23330C3F6DA
:10E5C0003370029002A8FEF757FC40F64831C2F2C1
:10E5D0000041086005F0F0FA0199069006A804F0E1
:10E5E00077FBFFE740F65C30C2F20040006890ED38
:10E5F0000E0A40F66030C2F20040006890ED0E1A3C
:10E6000030EE010AB6EE001A20EE010A40F644315F
:10E61000C2F2004181ED000A40F64830C2F20040EB
:10E62000006840F65832C2F2004292ED000A91EDC5
:10E63000001A30EE410AFEF7FBFAB1EE400A40F64E
:10E640005030C2F2004080ED000A06A8642104F0B8
:10E650003FFBC7E70000000080B54EF21000CEF28D
:10E660000000006805F08CFA012803D0FFE704F0F1
:10E67000AFFDFFE780BD000080B59EB00BA84C2128
:10E68000F1F774FE002001900A900990089007901D
:10E6900006900590049003900220F6F705FFFFE72F
:10E6A0000020029044F61800C5F60200016841F40B
:10E6B00040410160006800F44040029040F22C406C
:10E6C000C5F60000016841F001010160006800F03A
:10E6D000010002900298FFE7FFE744F61800C5F634
:10E6E0000200006800F40050B0F5005F01D0FFE7C1
:10E6F000F3E703200B904FF480300C9001210E9132
:10E7000040200F90022014901590169178211791B7
:10E71000189019901A900C201B9000201C901D90AE
:10E720000BA8F8F775FE18B1FFE7F2F711FEFFE747
:10E730003F200390032004900020059008200690BD
:10E740004020079008904FF4806109910A9003A837
:10E750000421F8F7F9F918B1FFE7F2F7F9FDFFE73F
:10E760001EB080BD0000000081B04EF68851CEF290
:10E770000001086840F47000086042F20000C5F231
:10E780000020006800F00F0006280AD8FFE742F2D8
:10E790000001C5F200210868072262F30300086047
:10E7A000FFE744F20041C5F60201086840F00100AD
:10E7B000086044F21042C5F60202002010600868AA
:10E7C0004EF67F52CEF6F6221040086042F200006C
:10E7D000C5F20020006800F00F0008280AD3FFE708
:10E7E00042F20001C5F200210868072262F303002B
:10E7F0000860FFE744F21841C5F6020100200090CE
:10E80000086044F21C41C5F60201086044F2204150
:10E81000C5F60201086044F22842C5F6020240F241
:10E820000021C0F20221116044F22C42C5F602021E
:10E830000021C0F2FF11116044F23042C5F602021D
:10E8400040F28021C0F20111116044F23442C5F659
:10E850000202106044F23842C5F60202116044F22E
:10E860003C42C5F60202106044F24042C5F6020284
:10E87000116044F24441C5F60201086044F20042CE
:10E88000C5F60202116821F48021116044F2604152
:10E89000C5F60201086041F20001C5F600410968B1
:10E8A000B0EB517F07D1FFE748F20811C5F2001124
:10E8B00001200860FFE744F2D440C5F6020000687A
:10E8C000C004002814D4FFE744F2D441C5F6020185
:10E8D000086840F48050086044F20002C5F200224B
:10E8E00043F2D2001060086820F480500860FFE70F
:10E8F00001B070470000000080B584B00390039819
:10E9000040690068406AADF80A00F6F7B5F8019072
:10E9100001980399C96A401A0090BDF90A1003983A
:10E92000B0F928201144B0F92A20114400EE101A41
:10E93000B8EEC00A0099026B1144426B114401EE1B
:10E94000101AB8EE411A80EE010A90ED082A90EDF7
:10E95000091AB8EE422A80EE020AB8EE411A80EE99
:10E96000010A9FED101A20EE010A80ED0E0A0399AC
:10E97000088D4885BDF80A00039908850399086B3E
:10E98000486300980399086301980399C862039843
:10E990004069016800204862039890ED0E0A04B0B7
:10E9A00080BD00BF00007A4480B582B00190019A1A
:10E9B00050699169D2691143FAF772FCF6F75CF875
:10E9C0000199C8620198406901680020486202B05C
:10E9D00080BD00000000000080B582B00190019869
:10E9E0000068FEF7C9FC02B080BD00000000000016
:10E9F00080B584B00290029818B9FFE70020039018
:10EA000054E00298006860B1FFE70298406840B1A6
:10EA1000FFE70298C06820B1FFE70298406918B983
:10EA2000FFE70020039041E03C2006F0ADFC0190A0
:10EA3000019818B9FFE70020039037E001983C21C6
:10EA4000F1F794FC02980068FEF7CEFA019908608D
:10EA50000198006818B9FFE70020039026E00298AB
:10EA600040680199486002980089019908810298DC
:10EA7000C0680199C8600298008A019908820298CA
:10EA800040690199486102988069019988610298FA
:10EA9000C0690199C8610298006A019908620298E8
:10EAA000406A0199486201980390FFE7039804B017
:10EAB00080BD00000000000080B582B001908DEDA7
:10EAC000000A9DED000AB5EE400AF1EE10FA0DDBEA
:10EAD000FFE70199486809890122F5F7ADFF01991F
:10EAE000C868098A0022F5F7A7FF0CE00199486879
:10EAF00009890022F5F7A0FF0199C868098A012257
:10EB0000F5F79AFFFFE7019800689DED000AB0EE67
:10EB1000C00AFEF74DFB02B080BD000000000000FF
:10EB200080B540F20040C2F20040FAF765FC80BDBB
:10EB300083B0029001910298006800900298002131
:10EB4000C4F20101884225D0FFE70298B0F1804F5E
:10EB500020D0FFE7029840F20041C4F20001884251
:10EB600018D0FFE7029840F60001C4F20001884285
:10EB700010D0FFE7029840F60041C4F2000188423D
:10EB800008D0FFE7029840F20041C4F20101884238
:10EB90000AD1FFE7009820F07000009001984168CA
:10EBA000009808430090FFE702980021C4F2010199
:10EBB00088423DD0FFE70298B0F1804F38D0FFE7A0
:10EBC000029840F20041C4F20001884230D0FFE7D1
:10EBD000029840F60001C4F20001884228D0FFE705
:10EBE000029840F60041C4F20001884220D0FFE7BD
:10EBF000029840F20041C4F20101884218D0FFE7B8
:10EC0000029844F20001C4F20101884210D0FFE7EB
:10EC1000029844F20041C4F20101884208D0FFE7A3
:10EC2000029844F60001C4F2010188420AD1FFE7CC
:10EC3000009820F4407000900198C1680098084343
:10EC40000090FFE7009820F080000199496908438F
:10EC50000090019880680299C86201980068029942
:10EC6000886202980021C4F20101884220D0FFE7A7
:10EC7000029840F20041C4F20101884218D0FFE737
:10EC8000029844F20001C4F20101884210D0FFE76B
:10EC9000029844F20041C4F20101884208D0FFE723
:10ECA000029844F60001C4F20101884205D1FFE751
:10ECB0000198006902990863FFE70299086840F02B
:10ECC00004000860029901204861009802990860D8
:10ECD00003B070470000000084B0039002910192DD
:10ECE000029800F01F01012088400090009A0399CB
:10ECF000086A904308620198029901F01F0100FA26
:10ED000001F20399086A1043086204B070470000DA
:10ED100085B004900391029201930498806800905A
:10ED2000009820F47F40009003980299019A41EAEC
:10ED300002210143009808430090009804998860DC
:10ED400005B070470000000083B002900191029866
:10ED50008068009000984FF68F71CFF6CF71084011
:10ED6000009001980099084340F007000090009837
:10ED70000299886003B0704785B0049003910498AD
:10ED8000006A01900499086A20F001000862049862
:10ED90004068009004988069029002984FF68F7145
:10EDA000CFF6FE7108400290029820F00300029016
:10EDB00003980168029808430290019820F002002D
:10EDC00001900398816801980843019004980021FC
:10EDD000C4F20101884220D0FFE7049840F20041CC
:10EDE000C4F20101884218D0FFE7049844F2000100
:10EDF000C4F20101884210D0FFE7049844F20041B8
:10EE0000C4F20101884208D0FFE7049844F60001EB
:10EE1000C4F2010188420ED1FFE7019820F00800FA
:10EE200001900398C168019808430190019820F06F
:10EE300004000190FFE704980021C4F20101884218
:10EE400020D0FFE7049840F20041C4F2010188425B
:10EE500018D0FFE7049844F20001C4F2010188428F
:10EE600010D0FFE7049844F20041C4F20101884247
:10EE700008D0FFE7049844F60001C4F2010188427B
:10EE800013D1FFE7009820F480700090009820F4E0
:10EE9000007000900398416900980843009003981F
:10EEA0008169009808430090FFE700980499486042
:10EEB000029804998861039840680499486301980E
:10EEC0000499086205B0704785B0049003910498D6
:10EED000006A01900499086A20F010000862049802
:10EEE00040680090049880690290029848F6FF718B
:10EEF000CFF6FF6108400290029820F44070029023
:10EF000003980168029840EA01200290019820F0DD
:10EF10002000019003988168019840EA0110019057
:10EF200004980021C4F20101884229D0FFE7049827
:10EF300040F20041C4F20101884221D0FFE7049869
:10EF400044F20001C4F20101884203D1FFE700202E
:10EF5000B0B9FFE7049844F20041C4F201018842CD
:10EF600003D1FFE7002058B9FFE7049844F60001F9
:10EF7000C4F20101884212D1FFE7012078B9FFE70E
:10EF8000019820F0800001900398C168019840EA40
:10EF900001100190019820F040000190FFE70498D3
:10EFA0000021C4F20101884220D0FFE7049840F21A
:10EFB0000041C4F20101884218D0FFE7049844F2EE
:10EFC0000001C4F20101884210D0FFE7049844F226
:10EFD0000041C4F20101884208D0FFE7049844F6DA
:10EFE0000001C4F20101884215D1FFE7009820F426
:10EFF00080600090009820F40060009003984169C0
:10F00000009840EA8100009003988169009840EAE6
:10F0100081000090FFE700980499486002980499E5
:10F02000886103984068049988630198049908628C
:10F0300005B070470000000085B00490039104986B
:10F04000006A01900499086A20F4807008620498AC
:10F05000406800900498C069029002984FF68F7142
:10F06000CFF6FE7108400290029820F00300029053
:10F0700003980168029808430290019820F40070F8
:10F08000019003988168019840EA0120019004985A
:10F090000021C4F20101884229D0FFE7049840F220
:10F0A0000041C4F20101884221D0FFE7049844F2F4
:10F0B0000001C4F20101884203D1FFE70020B0B98A
:10F0C000FFE7049844F20041C4F20101884203D1F1
:10F0D000FFE7002058B9FFE7049844F60001C4F2A6
:10F0E0000101884212D1FFE7012078B9FFE70198BA
:10F0F00020F4006001900398C168019840EA012063
:10F100000190019820F480600190FFE704980021AD
:10F11000C4F20101884220D0FFE7049840F2004188
:10F12000C4F20101884218D0FFE7049844F20001BC
:10F13000C4F20101884210D0FFE7049844F2004174
:10F14000C4F20101884208D0FFE7049844F60001A8
:10F15000C4F20101884215D1FFE7009820F48050E5
:10F160000090009820F400500090039841690098A6
:10F1700040EA0110009003988169009840EA01106C
:10F180000090FFE700980499486002980499C861CC
:10F19000039840680499C86301980499086205B00F
:10F1A000704700000000000085B0049003910498AF
:10F1B000006A01900499086A20F48050086204985B
:10F1C000406800900498C0690290029848F6FF7168
:10F1D000CFF6FF6108400290029820F44070029040
:10F1E00003980168029840EA01200290019820F4F7
:10F1F0000050019003988168019840EA0130019025
:10F2000004980021C4F20101884220D0FFE704984D
:10F2100040F20041C4F20101884218D0FFE704988F
:10F2200044F20001C4F20101884210D0FFE70498C3
:10F2300044F20041C4F20101884208D0FFE704987B
:10F2400044F60001C4F2010188420BD1FFE70098A7
:10F2500020F48040009003984169009840EA8110B2
:10F260000090FFE700980499486002980499C861EB
:10F27000039840680499086401980499086205B0ED
:10F28000704700000000000085B0049003910498CE
:10F29000006A01900499086A20F48030086204989A
:10F2A000406800900498406D029002984FF68F716C
:10F2B000CFF6FE7108400290039801680298084357
:10F2C0000290019820F40030019003988168019821
:10F2D00040EA0140019004980021C4F201018842F3
:10F2E00020D0FFE7049840F20041C4F201018842B7
:10F2F00018D0FFE7049844F20001C4F201018842EB
:10F3000010D0FFE7049844F20041C4F201018842A2
:10F3100008D0FFE7049844F60001C4F201018842D6
:10F320000BD1FFE7009820F48030009003984169EA
:10F33000009840EA01200090FFE700980499486097
:10F340000298049948650398406804998865019873
:10F350000499086205B0704785B004900391049841
:10F36000006A01900499086A20F4801008620498E9
:10F37000406800900498406D0290029848F6FF7132
:10F38000CFF6FF610840029003980168029840EAB6
:10F3900001200290019820F40010019003988168E8
:10F3A000019840EA0150019004980021C4F2010143
:10F3B000884220D0FFE7049840F20041C4F20101E6
:10F3C000884218D0FFE7049844F20001C4F201011A
:10F3D000884210D0FFE7049844F20041C4F20101D2
:10F3E000884208D0FFE7049844F60001C4F2010106
:10F3F00088420BD1FFE7009820F48020009003980A
:10F400004169009840EA81200090FFE70098049944
:10F410004860029804994865039840680499C86553
:10F4200001980499086205B07047000000000000D0
:10F4300085B00490039102920498006A00900499A8
:10F44000086A20F001000862049880690190019820
:10F4500020F0F00001900299019840EA011001901B
:10F46000009820F00A00009003990098084300904B
:10F4700001980499886100980499086205B0704762
:10F4800085B00490039102920498006A0090049958
:10F49000086A20F0100008620498806901900198C1
:10F4A00020F4704001900299019840EA01300190E7
:10F4B000009820F0A00000900399009840EA011005
:10F4C000009001980499886100980499086205B039
:10F4D000704700000000000082B001900198406E6B
:10F4E00040B9FFE701990120A1F86A000199A1F84C
:10F4F000680032E010208DF803008DF802000198BA
:10F5000000688068C0F342608DF8010001980068CF
:10F510008068400F8DF800009DF802009DF80020E3
:10F5200045F2E853C0F60103995C484345F2E051C7
:10F53000C0F601018A5CB0FBF2F0019AA2F86A0001
:10F540009DF803009DF801209B5C5843895CB0FB4B
:10F55000F1F00199A1F86800FFE702B070470000E0
:10F5600081B00090009890F82800000700280BD583
:10F57000FFE700980068406820F40040009A116896
:10F58000926B10434860FFE7009890F82800C0078E
:10F5900058B1FFE700980068406820F40030009AF6
:10F5A0001168D26A10434860FFE7009890F828007D
:10F5B000800700280BD5FFE700980068406820F41A
:10F5C0008030009A1168126B10434860FFE7009882
:10F5D00090F82800400700280BD5FFE70098006846
:10F5E000406820F48020009A1168526B10434860F4
:10F5F000FFE7009890F82800C00600280BD5FFE729
:10F6000000980068806820F48050009A1168D26BDE
:10F6100010438860FFE7009890F8280080060028D3
:10F620000BD5FFE700980068806820F40050009A2E
:10F630001168126C10438860FFE7009890F828006A
:10F64000400600281CD5FFE700980068406820F4B9
:10F650008010009A1168526C104348600098406C0A
:10F66000B0F5801F0BD1FFE700980068406820F4D8
:10F67000C000009A1168926C10434860FFE7FFE7F2
:10F68000009890F82800000600280BD5FFE70098A6
:10F690000068406820F40020009A1168D26C104382
:10F6A0004860FFE701B0704780B588B006900699C2
:10F6B0000020C1F89000F5F7DFF905900698006882
:10F6C0000068000700282FD5FFE70698059B6A46CB
:10F6D0006FF07E4111604FF40011002200F040FFF6
:10F6E00008B3FFE7FFE7FFE70698006850E8000F60
:10F6F00020F080000490FFE704990698026842E831
:10F7000000100028F0D1FFE7FFE706992020C1F89C
:10F710008800FFE70699002081F88400FFE70320B6
:10F720008DF81F005FE0FFE706980068006840075B
:10F73000002842D5FFE70698059B6A466FF07E4198
:10F7400011604FF48001002200F00AFFA0B3FFE730
:10F75000FFE7FFE70698006850E8000F20F490707C
:10F760000390FFE703990698026842E8001000281A
:10F77000F0D1FFE7FFE7FFE7FFE70698006850E8F2
:10F78000020F20F001000290FFE70299069802683C
:10F7900042E802100028F0D1FFE7FFE70699202099
:10F7A000C1F88C00FFE70699002081F88400FFE78C
:10F7B00003208DF81F0016E0FFE706992020C1F80E
:10F7C00088000699C1F88C0006990020C866069941
:10F7D0000867FFE70699002081F88400FFE7002012
:10F7E0008DF81F00FFE79DF81F0008B080BD0000E6
:10F7F00080B582B001900198806B00900099002044
:10F80000A1F85E000098FAF707FD02B080BD000085
:10F8100080B584B003900398806B02900298D0F872
:10F82000880001900298D0F88C000090029800683F
:10F830008068000600280CD5FFE70198212808D130
:10F84000FFE702990020A1F85600029800F02CF979
:10F85000FFE7029800688068400600280CD5FFE7A3
:10F860000098222808D1FFE702990020A1F85E0045
:10F87000029800F0A5F8FFE70299D1F8900040F057
:10F880001000C1F890000298FAF7C6FC04B080BDE1
:10F8900080B586B005900598806B04900598C06986
:10F8A000B0F5807F5BD0FFE704990020A1F85E00EF
:10F8B000FFE7FFE70498006850E8000F20F480702D
:10F8C0000390FFE703990498026842E800100028BB
:10F8D000F0D1FFE7FFE7FFE7FFE70498006850E893
:10F8E000020F20F001000290FFE7029904980268DD
:10F8F00042E802100028F0D1FFE7FFE7FFE7FFE74B
:10F900000498006850E8020F20F040000190FFE7E3
:10F9100001990498026842E802100028F0D1FFE73C
:10F92000FFE704992020C1F88C000498C06E0128DC
:10F9300014D1FFE7FFE7FFE70498006850E8000FE5
:10F9400020F010000090FFE700990498026842E858
:10F9500000100028F0D1FFE7FFE7FFE7FFE7049979
:10F96000002008670498C06E012806D1FFE70498BC
:10F97000B0F85C10FAF7F0F903E00498FBF7E8FA46
:10F98000FFE706B080BD000080B582B0019001980D
:10F99000806B00900099012008670098C06E0128D4
:10F9A00007D1FFE70098B0F85C104908FAF7D4F9DE
:10F9B00003E00098FBF7D0FAFFE702B080BD00003B
:10F9C00084B00390FFE7FFE70398006850E8000F5A
:10F9D00020F490700290FFE702990398026842E8D1
:10F9E00000100028F0D1FFE7FFE7FFE7FFE70398EB
:10F9F000006850E8020F4FF6FE71CEF6FF71084026
:10FA00000190FFE701990398026842E8021000287C
:10FA1000EDD1FFE7FFE70398C06E012814D1FFE79F
:10FA2000FFE7FFE70398006850E8000F20F01000A0
:10FA30000090FFE700990398026842E80010002850
:10FA4000F0D1FFE7FFE7FFE703992020C1F88C0022
:10FA500003990020C8660399486704B07047000006
:10FA600080B582B00190FFE7FFE70198006850E899
:10FA7000000F20F040000090FFE700990198026815
:10FA800042E800100028F0D1FFE7FFE701992020AD
:10FA9000C1F888000199002088670198FBF7FCFAFB
:10FAA00002B080BD0000000083B00290FFE7FFE7D6
:10FAB0000298006850E8000F20F0C0000190FFE7B6
:10FAC00001990298026842E800100028F0D1FFE78F
:10FAD000FFE7FFE7FFE70298006850E8020F20F415
:10FAE00000000090FFE700990298026842E80210C7
:10FAF0000028F0D1FFE7FFE702992020C1F8880035
:10FB000003B070470000000080B59CB01B9000203F
:10FB10008DF85F001B98006840F60041C5F60001B3
:10FB2000884201D1FFE700E0FFE71B9988680B6975
:10FB30004A69C9691843104308431A901B98006822
:10FB4000006846F6F311CCF6FF7108401A99084395
:10FB50001B99096808601B980068406820F44050B1
:10FB60001B9A1168D268104348601B9880691A90EC
:10FB70001B98006840F60041C5F60001884206D097
:10FB8000FFE71B98016A1A9808431A90FFE71B9831
:10FB9000006880684FF2FF41C1F2FF1108401A99D6
:10FBA00008431B99096888601B980068C06A20F0A8
:10FBB0000F001B9A1168526A1043C862FFE71B9836
:10FBC000006841F20001C4F20101884240F0418026
:10FBD000FFE744F25440C5F60200006800F0380028
:10FBE00001460E9128282FD80E99DFE801F0152D37
:10FBF0002D2D2D2D2D2D192D2D2D2D2D2D2D1D2D59
:10FC00002D2D2D2D2D2D212D2D2D2D2D2D2D252D38
:10FC10002D2D2D2D2D2D290001208DF8650017E0AB
:10FC200004208DF8650013E008208DF865000FE0D2
:10FC300010208DF865000BE020208DF8650007E0AE
:10FC400040208DF8650003E080208DF86500FFE717
:10FC5000D6E11B98006844F20041C4F200018842DA
:10FC60002ED1FFE744F25440C5F60200006800F0D0
:10FC7000070001460D9105281DD80D99DFE801F018
:10FC800003070B0F131700208DF8650017E0042001
:10FC90008DF8650013E008208DF865000FE0102056
:10FCA0008DF865000BE020208DF8650007E040200E
:10FCB0008DF8650003E080208DF86500FFE79EE188
:10FCC0001B98006844F60001C4F2000188422ED15E
:10FCD000FFE744F25440C5F60200006800F0070058
:10FCE00001460C9105281DD80C99DFE801F00307A7
:10FCF0000B0F131700208DF8650017E004208DF816
:10FD0000650013E008208DF865000FE010208DF8E5
:10FD100065000BE020208DF8650007E040208DF89D
:10FD2000650003E080208DF86500FFE766E11B9821
:10FD3000006844F60041C4F2000188422ED1FFE77A
:10FD400044F25440C5F60200006800F00700014686
:10FD50000B9105281DD80B99DFE801F003070B0F65
:10FD6000131700208DF8650017E004208DF865005A
:10FD700013E008208DF865000FE010208DF8650075
:10FD80000BE020208DF8650007E040208DF865002D
:10FD900003E080208DF86500FFE72EE11B980068E6
:10FDA00045F20001C4F2000188422ED1FFE744F27F
:10FDB0005440C5F60200006800F0070001460A91B1
:10FDC00005281DD80A99DFE801F003070B0F131768
:10FDD00000208DF8650017E004208DF8650013E021
:10FDE00008208DF865000FE010208DF865000BE00D
:10FDF00020208DF8650007E040208DF8650003E0C5
:10FE000080208DF86500FFE7F6E01B98006841F25E
:10FE10000041C4F20101884240F04180FFE744F212
:10FE20005440C5F60200006800F038000146099110
:10FE300028282FD80999DFE801F0152D2D2D2D2D1B
:10FE40002D2D192D2D2D2D2D2D2D1D2D2D2D2D2D06
:10FE50002D2D212D2D2D2D2D2D2D252D2D2D2D2DE6
:10FE60002D2D290001208DF8650017E004208DF864
:10FE7000650013E008208DF865000FE010208DF874
:10FE800065000BE020208DF8650007E040208DF82C
:10FE9000650003E080208DF86500FFE7ABE01B986C
:10FEA000006847F60001C4F2000188422ED1FFE746
:10FEB00044F25440C5F60200006800F00700014615
:10FEC000089105281DD80899DFE801F003070B0FFA
:10FED000131700208DF8650017E004208DF86500E9
:10FEE00013E008208DF865000FE010208DF8650004
:10FEF0000BE020208DF8650007E040208DF86500BC
:10FF000003E080208DF86500FFE773E01B98006830
:10FF100047F60041C4F2000188422ED1FFE744F2C7
:10FF20005440C5F60200006800F007000146079142
:10FF300005281DD80799DFE801F003070B0F1317F9
:10FF400000208DF8650017E004208DF8650013E0AF
:10FF500008208DF865000FE010208DF865000BE09B
:10FF600020208DF8650007E040208DF8650003E053
:10FF700080208DF86500FFE73BE01B98006840F6A5
:10FF80000041C5F6000188422ED1FFE744F25840F7
:10FF9000C5F60200006800F007000146069105283A
:10FFA0001DD80699DFE801F003070B0F1317022095
:10FFB0008DF8650017E004208DF8650013E0082037
:10FFC0008DF865000FE010208DF865000BE0202013
:10FFD0008DF8650007E040208DF8650003E0802083
:10FFE0008DF86500FFE703E080208DF86500FFE7EE
:10FFF000FFE7FFE7FFE7FFE7FFE7FFE7FFE7FFE7D1
:020000040801F1
:10000000FFE71B98006840F60041C5F600018842F2
:1000100040F0B480FFE79DF8650001460591022895
:1000200014D0FFE70598042814D0FFE705980828A6
:1000300016D0FFE70598102818D0FFE7059820286C
:1000400035D0FFE70598402837D03AE0F5F780FA39
:100050000F903CE013A8F5F78FFA14980F9036E054
:1000600010A8F5F7D5FB11980F9030E044F200404E
:10007000C5F60200006800F020010020B0EB511F1F
:100080000ED0FFE744F20040C5F602000068C0F35E
:10009000C10149F20000C0F2D030C8400F9005E025
:1000A00049F20000C0F2D0300F90FFE70FE040F6B9
:1000B0000010C0F23D000F9009E04FF400400F9097
:1000C00005E000200F9001208DF85F00FFE70F98FA
:1000D000002852D0FFE70F981B994A6A45F2F05169
:1000E000C0F6010131F81210B0FBF1F0169016982D
:1000F0001B99496801EB4101884207D3FFE7169835
:100100001B994968B0EB013F04D9FFE701208DF846
:100110005F0031E00F981B994A6803924A6A45F2E2
:10012000F051C0F6010131F8122000230493194662
:10013000F0F7D2F8039A049B090241EA1061000229
:1001400010EB520041F10001F0F7C6F81890189832
:10015000B0F5407F0BD3FFE718990020B0EB115F9B
:1001600005D1FFE718981B990968C86003E00120D2
:100170008DF85F00FFE7FFE7FFE746E11B98C069E6
:10018000B0F5004F40F0A880FFE79DF865000146FC
:100190000291402800F263800299DFE801F02125F6
:1001A0006060296060602F606060606060603560E2
:1001B0006060606060606060606060606060566049
:1001C000606060606060606060606060606060602F
:1001D00060606060606060606060606060605C0083
:1001E000F6F76EFF0F9040E0F6F77EFF0F903CE0D1
:1001F00013A8F5F7C1F914980F9036E010A8F5F799
:1002000007FB11980F9030E044F20040C5F6020061
:10021000006800F020010020B0EB511F0ED0FFE776
:1002200044F20040C5F602000068C0F3C10149F283
:100230000000C0F2D030C8400F9005E049F2000045
:10024000C0F2D0300F90FFE70FE040F60010C0F290
:100250003D000F9009E04FF400400F9005E00020B2
:100260000F9001208DF85F00FFE70F9898B3FFE72C
:100270000F981B9A5168536A45F2F052C0F601027A
:1002800032F81320B0FBF2F0400000EB5100B0FB5D
:10029000F1F018901898102818D3FFE7BDF8620005
:1002A000A0B9FFE7189820F00F00ADF86600189885
:1002B00000F00E01BDF8660040EA5100ADF866009E
:1002C000BDF866001B990968C86003E001208DF83D
:1002D0005F00FFE7FFE797E09DF8650001460191A9
:1002E000402800F263800199DFE801F02125606079
:1002F000296060602F606060606060603560606091
:1003000060606060606060606060606056606060F7
:1003100060606060606060606060606060606060DD
:100320006060606060606060606060605C00F6F704
:10033000C7FE0F9040E0F6F7D7FE0F903CE013A801
:10034000F5F71AF914980F9036E010A8F5F760FA4F
:1003500011980F9030E044F20040C5F602000068AA
:1003600000F020010020B0EB511F0ED0FFE744F257
:100370000040C5F602000068C0F3C10149F2000068
:10038000C0F2D030C8400F9005E049F20000C0F242
:10039000D0300F90FFE70FE040F60010C0F23D00B4
:1003A0000F9009E04FF400400F9005E000200F90FF
:1003B00001208DF85F00FFE70F9820B3FFE70F984B
:1003C0001B9A5168536A45F2F052C0F6010232F8A6
:1003D0001320B0FBF2F000EB5100B0FBF1F01890ED
:1003E000189810280AD3FFE7BDF8620030B9FFE77C
:1003F000BDF860001B990968C86003E001208DF812
:100400005F00FFE7FFE7FFE7FFE71B990120A1F887
:100410006A001B99A1F868001B99002048671B9986
:1004200088679DF85F001CB080BD000000000000E0
:1004300080B588B006900591ADF812200598069910
:100440008865BDF812000699A1F85C0006990020A5
:10045000C1F8900006992220C1F88C000698D0F8C7
:100460008000B0B3FFE70698D0F880104FF69100F7
:10047000C0F60000C8630698D0F880104FF68910C7
:10048000C0F6000008640698D0F880104FF61100FE
:10049000C0F60000C8640698D0F8801000200865F7
:1004A00006980168826DD0F880002431BDF81230C2
:1004B000F3F712FD60B1FFE706991020C1F8900034
:1004C00006992020C1F88C0001208DF81F0042E021
:1004D000FFE706980069A0B1FFE7FFE7FFE706988E
:1004E000006850E8000F40F480700390FFE7039924
:1004F0000698026842E800100028F0D1FFE7FFE705
:10050000FFE7FFE7FFE70698006850E8020F40F0BA
:1005100001000290FFE702990698026842E8021083
:100520000028F0D1FFE7FFE7FFE7FFE70698006844
:1005300050E8020F40F040000190FFE70199069853
:10054000026842E802100028F0D1FFE7FFE7002030
:100550008DF81F00FFE79DF81F0008B080BD000068
:1005600080B586B0DDF820C0049003918DF80B2093
:100570000193FFE704980068C06903990840401A96
:10058000B0FA80F040099DF80B10884266D1FFE771
:1005900008980130002860D0FFE7F4F76DFA019960
:1005A000401A0899884203D8FFE7089820B9FFE766
:1005B00003208DF8170055E0049800680068400794
:1005C000002849D5FFE70398802845D0FFE7039826
:1005D000402841D0FFE704980068C06900F0080196
:1005E0000120B0EBD10F16D1FFE704980168082075
:1005F000009008620498FFF7E3F900980499C1F8A5
:100600009000FFE70499002081F88400FFE70120B3
:100610008DF8170026E004980068C06900F40061B6
:100620000120B0EBD12F16D1FFE7049801684FF4F9
:10063000006008620498FFF7C3F904992020C1F80C
:100640009000FFE70499002081F88400FFE7032071
:100650008DF8170006E0FFE7FFE78BE700208DF835
:100660001700FFE79DF8170006B080BD00000000EE
:1006700080B540F24C40C2F20040F9F769FF80BDFE
:10068000FFE7FEE70000000081B0ADF80200BDF911
:10069000020000280ED4FFE7BDF9021001F01F028E
:1006A000012090404A094EF20011CEF2000141F8BB
:1006B0002200FFE701B070474EF60C50CEF200006A
:1006C0000068C0F30220704782B0ADF806000091C8
:1006D000BDF9060000280AD4FFE700980001BDF923
:1006E00006104EF20042CEF2000288540BE0009851
:1006F0000001BDF8061001F00F014EF61452CEF2C3
:1007000000028854FFE702B07047000000000000BC
:1007100082B0ADF806000091BDF9060000280AD4A9
:10072000FFE700980001BDF906104EF20042CEF23C
:10073000000288540BE000980001BDF8061001F09B
:100740000F014EF61452CEF200028854FFE702B0B9
:10075000704700000000000083B00290029800F093
:10076000070000904EF60C51CEF20001086801908F
:1007700001984FF6FF02104001900198009A40EA5C
:1007800002200022C0F2FA52104301900198086042
:1007900003B070470000000080B582B00190009166
:1007A00040F24C40C2F2004001A901224FF6FF7313
:1007B000FAF7D6FB019802B080BD000000000000EF
:1007C00080B586B004900391049828210DF10602AB
:1007D000062300F0F5FA0090009818B1FFE70098A2
:1007E000059023E09DF807000399088003990A8883
:1007F0009DF8060040EA022008809DF80900039950
:10080000488003994A889DF8080040EA0220488001
:100810009DF80B000399888003998A889DF80A0047
:1008200040EA0220888000980590FFE7059806B00E
:1008300080BD00000000000080B586B004900391E8
:10084000049822210DF10602062300F0B9FA009067
:10085000009818B1FFE70098059023E09DF8070085
:100860000399088003990A889DF8060040EA02204F
:1008700008809DF809000399488003994A889DF8EB
:10088000080040EA022048809DF80B000399888008
:1008900003998A889DF80A0040EA0220888000981F
:1008A0000590FFE7059806B080BD0000000000003D
:1008B00080B584B003908DF80B10039812210DF1D0
:1008C0000A02012300F07CFA01900198A8B9FFE721
:1008D0009DF80B109DF80A0001F0010100F0BF0027
:1008E00040EA81108DF80A00039812210DF10A02E6
:1008F000012300F059FB0190FFE7019804B080BD8F
:1009000080B584B0039002910398029A0F210123CD
:1009100000F056FA0190019804B080BD000000007C
:1009200080B584B003908DF80B10039815210DF15C
:100930000A02012300F044FA01900198A8B9FFE7E8
:100940009DF80B109DF80A0001F0070100F08F00E0
:1009500040EA01108DF80A00039815210DF10A02F2
:10096000012300F021FB0190FFE7019804B080BD56
:1009700080B584B003908DF80B10039816210DF10B
:100980000A02012300F01CFA01900198A0B9FFE7C8
:100990009DF80B109DF80A0001F0010100F0FE0027
:1009A00008448DF80A00039816210DF10A0201236C
:1009B00000F0FAFA0190FFE7019804B080BD000052
:1009C00080B590B00D919DF834108DF83B100C90CF
:1009D0000C98132107910DF12D0208920123099320
:1009E00000F0EEF90799089A099B0A909DF83B00E0
:1009F00000F0010C9DF82D0000F0F70040EACC005B
:100A00008DF82D000C9800F0CFFA01460A980844A2
:100A10000A900A9818B1FFE70A980F9056E00C98D0
:100A2000632104910DF12F0205920123069300F03A
:100A3000C7F90499059A069B0A909DF83BC09DF85A
:100A40002F000CF0040C00F0EF0040EA8C008DF851
:100A50002F009DF83BC09DF82F000CF0080C00F013
:100A6000DF0040EA8C008DF82F000C9800F09CFA13
:100A700001460A9808440A900A9818B1FFE70A98B4
:100A80000F9023E00C986F2101910DF12E0202923C
:100A90000123039300F094F90199029A039B0A90B1
:100AA0009DF83BC09DF82E000CF0020C00F0BF003A
:100AB00040EA4C108DF82E000C9800F075FA0146B3
:100AC0000A9808440A900A980F90FFE70F9810B010
:100AD00080BD00000000000080B584B003908DF858
:100AE0000B10039817210DF10A02012300F068F999
:100AF0000190019898B9FFE79DF80B109DF80A0046
:100B000000F01F0040EA41108DF80A0003981721F9
:100B10000DF10A02012300F047FA0190FFE7019866
:100B200004B080BD0000000080B584B003908DF853
:100B30000B10039818210DF10A02012300F040F96F
:100B400001900198A8B9FFE79DF80B109DF80A00E5
:100B500001F0010100F0F70040EAC1008DF80A0041
:100B6000039818210DF10A02012300F01DFA0190EB
:100B7000FFE7019804B080BD80B586B00490039172
:100B800004981E210DF10B02012300F019F90190C8
:100B9000019818B1FFE70198059020E09DF80B003F
:100BA00000F001020399087800F0FE00104408707C
:100BB0009DF80B200399087802F0020200F0FD0076
:100BC000104408709DF80B200399087802F0040285
:100BD00000F0FB001044087001980590FFE70598AD
:100BE00006B080BD0000000081B0ADF80200BDF984
:100BF000020000EE100AB8EEC00A9FED031A20EEC4
:100C0000010A01B0704700BF00008C4200000000E4
:100C100081B0ADF80200BDF9020000EE100AB8EE96
:100C2000C00A9FED031A20EE010A01B0704700BF11
:100C300023DB793D0000000081B0ADF80200BDF972
:100C4000020000EE100AB8EEC01A9FED042AB3EEBF
:100C5000090A01EE020A01B0704700BF0000803BA4
:100C600080B58AB008908DF81F1008981121039163
:100C70000DF11E0204920123059300F0A1F80399DF
:100C8000049A059B06909DF81F0000F00F0C9DF83C
:100C90001E0000F0F00060448DF81E00089800F07F
:100CA00083F90146069808440690069818B1FFE7B4
:100CB000069809902FE09DF81F0000098DF81C0090
:100CC0009DF81C0020B3FFE70898622100910DF108
:100CD0001D0201920123029300F072F80099019A1B
:100CE000029B84460698604406909DF81CC09DF8BF
:100CF0001D000CF0030C00F0FC0060448DF81D009A
:100D0000089800F051F90146069808440690FFE75C
:100D100006980990FFE709980AB080BD000000001E
:100D200080B584B003908DF80B10039815210DF158
:100D30000A02012300F044F801900198A0B9FFE7EE
:100D40009DF80B0000F00F019DF80A0000F0F00084
:100D500008448DF80A00039815210DF10A020123B9
:100D600000F022F90190FFE7019804B080BD000077
:100D700080B584B003908DF80B10039811210DF10C
:100D80000A02012300F01CF801900198A8B9FFE7BE
:100D90009DF80B0000F007019DF80A0000F08F009D
:100DA00040EA01108DF80A00039811210DF10A02A2
:100DB000012300F0F9F80190FFE7019804B080BD2D
:100DC00080B586B004908DF80F100292ADF8063011
:100DD000049820B9FFE74FF0FF3005900DE004982C
:100DE000D0F804C0C0689DF80F10029ABDF8063014
:100DF000E047009000980590FFE7059806B080BD99
:100E000080B588B006900591069812210DF1120266
:100E100001230293FFF7D4FF029B039006980DF184
:100E200013021946FFF7CCFF0146039808440390CC
:100E3000039818B1FFE7039807902EE09DF8122061
:100E400002F00101022000EA921040EA81009DF8C0
:100E50001310C1F38001084401460191042815D8FC
:100E60000199DFE801F003070B130F00059900203B
:100E700008700FE00599012008700BE00599022029
:100E8000087007E005990420087003E00599012027
:100E90000870FFE703980790FFE7079808B080BD48
:100EA00080B586B004908DF80F10049812210DF1D2
:100EB0000D0201230193FFF783FF019B0290049829
:100EC0000DF10E021946FFF77BFF01460298084418
:100ED0000290029818B1FFE7029805903AE09DF859
:100EE0000F109DF80D0001F0040100F07F0040EAB2
:100EF00041108DF80D009DF80F0000F002019DF8E3
:100F00000D0000F0FE0040EA51008DF80D009DF844
:100F10000F0000F001019DF80E0000F0FB0040EA18
:100F200081008DF80E00049812210DF10D020123AD
:100F3000009300F039F8009B029004980DF10E0226
:100F4000194600F031F801460298084402900298D0
:100F50000590FFE7059806B080BD00000000000086
:100F600080B586B004900391049820210DF10A0207
:100F70000223FFF725FF0190019818B1FFE70198C0
:100F800005900DE09DF80B000399088003990A88ED
:100F90009DF80A0040EA0220088001980590FFE7CA
:100FA000059806B080BD000080B586B004908DF82D
:100FB0000F100292ADF80630049820B9FFE74FF009
:100FC000FF3005900DE00498D0F800C0C0689DF88F
:100FD0000F10029ABDF80630E04700900098059087
:100FE000FFE7059806B080BD80B588B006908DF803
:100FF0001710069810210DF116020123FFF7E0FEED
:101000000490049818B1FFE70498079048E09DF811
:10101000170000F00F019DF8160000F0F0000844E2
:101020008DF81600069810210DF116020123FFF726
:10103000BBFF0490049818B1FFE7049807902FE0D5
:101040009DF8170000098DF814009DF8140020B3D6
:10105000FFE70698622101910DF11502029201232A
:101060000393FFF7ADFE0199029A039B844604980F
:10107000604404909DF814C09DF815000CF0030C1A
:1010800000F0FC0060448DF815000698FFF78CFF17
:101090000146049808440490FFE704980790FFE78E
:1010A000079808B080BD000080B584B003908DF82B
:1010B0000B10039817210DF10A020123FFF780FEA0
:1010C00001900198A0B9FFE79DF80B0000F0030123
:1010D0009DF80A0000F0FC0008448DF80A0003980F
:1010E00017210DF10A020123FFF75EFF0190FFE7D0
:1010F000019804B080BD000080B584B003908DF8E5
:101100000B10039810210DF10A020123FFF758FE7E
:1011100001900198A8B9FFE79DF80B0000F00701C6
:101120009DF80A0000F08F0040EA01108DF80A00D7
:10113000039810210DF10A020123FFF735FF0190FA
:10114000FFE7019804B080BD80B584B00020009016
:101150004EF61450CEF2000000688003002801D53E
:10116000FFE71AE0BFF34F8FBFF36F8F4EF650715A
:10117000CEF2000100200860BFF34F8FBFF36F8FE6
:101180004EF61451CEF20001086840F400300860B9
:10119000BFF34F8FBFF36F8FFFE74EF61450CEF2C1
:1011A00000000068C003002801D5FFE73CE04EF6D0
:1011B0008451CEF2000100200860BFF34F8F4EF63D
:1011C0008050CEF20000006803900398C0F34E30C8
:1011D0000290FFE70398C0F3C9000190FFE702996E
:1011E0000198800761F34D104EF66071CEF2000158
:1011F00008600198411E01910028F0D1FFE7029894
:10120000411E02910028E5D1FFE7BFF34F8F4EF654
:101210001451CEF20001086840F480300860BFF33A
:101220004F8FBFF36F8FFFE7F4F746F8FDF724FA0F
:10123000FCF7E2F8FAF73CFDFAF782FCFBF734F82A
:10124000FAF726FEFAF7B0FFFAF7EEFFFAF794FE88
:10125000FAF70EFFFAF758FEFBF76EF800F028F8E1
:10126000FAF79EFC00F048F8FFE73220F3F7B8F9F0
:10127000FBE700000000000080B584B00290EFF3AF
:1012800005800390039820B1FFE76FF005000190FF
:1012900009E000200190029820B1FFE7029801F0D8
:1012A000DFFCFFE7FFE7019804B080BD000000000D
:1012B00082B0EFF305800190019820B1FFE76FF055
:1012C0000500009014E040F24800C2F200400068BF
:1012D00048B9FFE740F24801C2F20041012008602E
:1012E0000020009003E04FF0FF300090FFE7FFE7A1
:1012F000009802B07047000080B582B0EFF305801F
:101300000190019820B1FFE76FF00500009019E00F
:1013100040F24800C2F20040006801280DD1FFE70A
:10132000FCF7C2FD40F24801C2F200410220086011
:1013300001F0C6FD0020009003E04FF0FF30009068
:10134000FFE7FFE7009802B080BD0000000000004A
:10135000B0B58EB00B900A91099200200690EFF381
:1013600005800D900D98002840F09980FFE70B98BC
:10137000002800F09480FFE7802007901820059057
:10138000002008904FF0FF300490099800284DD0BD
:10139000FFE70998006820B1FFE709980068089006
:1013A000FFE70998806920B1FFE7099880690590F7
:1013B000FFE7059848B1FFE70598382805D8FFE70B
:1013C00009980079C00718B1FFE700200C9069E088
:1013D0000998406928B1FFE709984069800807909B
:1013E000FFE70998806880B1FFE70998C0685C282A
:1013F0000BD3FFE70998006938B1FFE70998406906
:1014000018B1FFE7012004900FE00998806858B9EF
:10141000FFE70998C06838B9FFE70998006918B96B
:10142000FFE700200490FFE7FFE702E000200490C0
:10143000FFE70498012817D1FFE70B980899079A4E
:101440000A9BDDF814C0DDF824E0DEF80850DEF871
:101450001040EE46CEF80850CEF80440CEF800C05A
:1014600002F026FB069019E00498B0B9FFE70B984C
:101470000899BDF81C200A9BDDF814C0EE4606ACA6
:10148000CEF80440CEF800C002F0C2FA012803D022
:10149000FFE700200690FFE7FFE7FFE7FFE706987A
:1014A0000C90FFE70C980EB0B0BD000000000000EB
:1014B00080B584B00390029144F64C70C2F20040B3
:1014C0000068009040F2C860C2F20040006804303A
:1014D00001F06AF908B9FFE700E0FFE7039801307F
:1014E00080B9FFE7029868B1FFE740F2C860C2F236
:1014F00000400068011D44F62470C2F2004001F073
:10150000FFF93DE00098039908440190019840F2EA
:10151000C861C2F200410968486001980099884298
:101520000ED2FFE740F2D860C2F20040006840F2FD
:10153000C861C2F200410968043101F0A9F91EE056
:1015400040F2D060C2F20040006840F2C861C2F2CE
:1015500000410968043101F09BF9019844F6B0613B
:10156000C2F200410968884207D2FFE7019844F6B9
:10157000B061C2F20041086000E0FFE7FFE7FFE76B
:1015800004B080BD0000000080B582B0019001F081
:10159000E3F944F28471C2F2004108680130086046
:1015A00040F2C860C2F20040006898B9FFE70198B5
:1015B00040F2C861C2F20041086044F28470C2F295
:1015C00000400068012803D1FFE700F005FB00E0C0
:1015D000FFE71CE044F61870C2F200400068A0B9B2
:1015E000FFE740F2C860C2F200400068C06A01999B
:1015F000C96A884207D8FFE7019840F2C861C2F281
:101600000041086000E0FFE700E0FFE7FFE744F289
:101610009070C2F2004001680131016000680199D8
:1016200048640198C06A44F29471C2F200410968AA
:10163000884208D9FFE70198C06A44F29471C2F267
:1016400000410860FFE70199C86A00EB800240F2A0
:10165000E060C2F2004000EB8200043101F050F97A
:1016600001F0A6F944F61870C2F200400068C8B153
:10167000FFE740F2C860C2F200400068C06A01990A
:10168000C96A88420CD2FFE74EF60451CEF200013F
:101690004FF080500860BFF34F8FBFF36F8F00E0B3
:1016A000FFE700E0FFE702B080BD0000000000009F
:1016B00080B584B001F050F944F65070C2F2004099
:1016C0000068002840D1FFE744F65060C2F20040B5
:1016D000029001F0BDF844F66460C2F2004003904D
:1016E00001F0B6F80299039840F2CC62C2F20042CF
:1016F000116040F2DC61C2F20041086069460020DE
:10170000086040F28C52C2F2004240F22C63C2F2F6
:1017100000430A20102101F07BFD014644F6507081
:10172000C2F200400160006860B1FFE744F650700B
:10173000C2F20040006845F2B561C0F6010101F057
:101740002FFA00E0FFE700E0FFE701F031F904B015
:1017500080BD00000000000080B582B0FFE744F2C9
:101760008870C2F20040006808B3FFE701F0F4F8A7
:1017700044F63870C2F20040C068C0680190019819
:10178000043001F011F844F28471C2F2004108689B
:101790000138086044F28871C2F2004108680138DB
:1017A000086001F005F9019800F092F8D7E702B05F
:1017B00080BD00000000000080B582B00190009163
:1017C0000198006CB8B1FFE70199C8680A6C104431
:1017D000C86001988168C068884204D3FFE7019916
:1017E0000868C86000E0FFE70098019AD168126CB1
:1017F000EEF7A3FDFFE702B080BD0000000000008F
:1018000080B586B00590049103920020029005985F
:10181000806B01900598006C78B9FFE70598006827
:1018200048B9FFE70598806802F0B6FA029005997A
:101830000020886000E0FFE741E00398B8B9FFE7C7
:10184000059A04995068126CEEF777FD059948687F
:101850000A6C10444860059948688968884204D336
:10186000FFE705990868486000E0FFE726E0059A71
:101870000499D068126CEEF760FD0599C8680A6C8F
:10188000801AC86005980168C068884206D2FFE7E0
:10189000059988680A6C801AC86000E0FFE7039821
:1018A000022809D1FFE7019820B1FFE7019801382C
:1018B000019000E0FFE700E0FFE7FFE7FFE70198A6
:1018C000013005998863029806B080BD00000000D1
:1018D00080B582B00090009890F8590040B9FFE7B9
:1018E0000098006B01F08CF8009801F089F81CE07A
:1018F000009890F85900012804D1FFE7009801F002
:101900007FF811E0009890F8590002280BD0FFE70B
:101910004FF0500080F31188BFF36F8FBFF34F8FEC
:101920000190FFE7FEE7FFE7FFE702B080BD0000A0
:1019300082B0019040F2CC60C2F2004000680068C2
:10194000B0FA80F04009019908600198006848B930
:10195000FFE740F2CC60C2F200400068C068006857
:10196000009002E000200090FFE7009802B070476E
:1019700084B04FF47050009040F66430C2F20040E2
:1019800001909DF80400400788B1FFE701980730F7
:101990000190019820F007000190019A40F664310F
:1019A000C2F200410098891A08440090FFE70198AC
:1019B0000290029944F61C70C2F2004001600021BE
:1019C00041600298009A10440190019808380190F3
:1019D000019820F007000190019A40F2D460C2F211
:1019E0000040026002685160026811600299039130
:1019F0000199039A891A5160006803990860039855
:101A0000406844F6AC61C2F2004108600398406847
:101A100044F6A461C2F20041086044F67861C2F263
:101A200000414FF00040086004B070470000000023
:101A300080B582B00190FFE7FFF78EFE40F2E060D4
:101A4000C2F20040006802280CD3FFE74EF60451B2
:101A5000CEF200014FF080500860BFF34F8FBFF30C
:101A60006F8F00E0FFE7E7E780B584B0DDF818C0CE
:101A70000390029101928DF80330029818B9FFE7A4
:101A80000698006003E0019806990860FFE7039854
:101A90000699C8630298069908640698012101F026
:101AA0003FFC9DF80300069981F84C0004B080BD0E
:101AB00080B588B0DDF834C0DDF830C0DDF82CC06A
:101AC000DDF828C006900591049203930C98006BF2
:101AD00004998900A522EEF742FC0C98006B04994A
:101AE00000EB810004380290029820F00700029079
:101AF0009DF80800400758B1FFE74FF0500080F311
:101B00001188BFF36F8FBFF34F8F0790FFE7FEE79A
:101B10000598F8B1FFE700200190FFE701980F2832
:101B200013D8FFE70598019A805C0C99114481F85D
:101B3000340005980199405C08B9FFE705E0FFE72C
:101B4000FFE7019801300190E8E70C99002081F847
:101B5000430004E00C99002081F83400FFE70A9864
:101B6000382803D3FFE737200A9000E0FFE70A9800
:101B70000C99C8620A980C99C8640C9900200090CE
:101B800008650C98043000F07BFE0C98183000F0CB
:101B900077FE00980C9909610A99C1F138010C9AF5
:101BA00091610C9949620C9948650C9981F858002B
:101BB00002980699039A00F0DFFC0C9908600B98D4
:101BC00020B1FFE70C980B99086000E0FFE708B030
:101BD00080BD00000000000080B584B000200390AC
:101BE000FFE70398372810D8FFE7039800EB800140
:101BF00040F2E060C2F2004000EB810000F028FEFD
:101C0000FFE7039801300390EBE744F67C60C2F2F3
:101C10000040019000F01CFE44F69060C2F20040CB
:101C2000029000F015FE44F6C460C2F2004000F0DD
:101C30000FFE44F63870C2F2004000F009FE44F690
:101C40002470C2F2004000F003FE0199029840F2B5
:101C5000D062C2F20042116040F2D861C2F200418B
:101C6000086004B080BD000083B0029044F61C7090
:101C7000C2F200400190FFE7019800680299884293
:101C800005D2FFE7FFE7019800680190F4E70198AB
:101C9000009000980199496808440299884209D146
:101CA000FFE702984268019948681044486001982B
:101CB000029000E0FFE702980090009802994968BE
:101CC000084401990968884220D1FFE7019800681B
:101CD00040F2D461C2F20041096888420DD0FFE7AA
:101CE0000198006842680299486810444860019869
:101CF000006800680299086007E040F2D460C2F210
:101D00000040006802990860FFE704E0019800685D
:101D100002990860FFE701980299884204D0FFE722
:101D200002980199086000E0FFE703B070470000E7
:101D300080B586B005900491039202930020019033
:101D400004980599486005980061049803998842B1
:101D500016D8FFE703980299401A059989698842C5
:101D600003D3FFE70120019009E040F2DC60C2F2FA
:101D7000004000680599043100F08AFDFFE717E094
:101D800003980299884208D2FFE704980299884292
:101D900003D3FFE70120019009E040F2CC60C2F2DA
:101DA000004000680599043100F072FDFFE7FFE78D
:101DB000019806B080BD000080B582B0019000F0AF
:101DC000CBFD0198806B18B9FFE70120009002E07D
:101DD00000200090FFE700F0EBFD009802B080BD0E
:101DE00080B582B0019000F0B7FD0198806B019939
:101DF000C96B884203D1FFE70120009002E0002078
:101E00000090FFE700F0D4FD009802B080BD000014
:101E100008480068006880F308884FF0000080F3ED
:101E2000148862B661B6BFF34F8FBFF36F8F00DFC8
:101E300000BF000008ED00E080B586B0049003917B
:101E400040F2CC60C2F200400068C068C0680190F7
:101E50000198043000F0A8FC019890F82800400791
:101E6000002823D5FFE70198049B81691944039A50
:101E7000FFF75EFFC0B1FFE70198049A69460023AF
:101E80000B60194602F078F90290029858B9FFE702
:101E90004FF0500080F31188BFF36F8FBFF34F8F67
:101EA0000590FFE7FEE700E0FFE707E0019991F802
:101EB000280000F0FE0081F82800FFE70198016A81
:101EC000884706B080BD000080B58EB0FFE744F6BD
:101ED0005070C2F20040006807A9002201F040FCE7
:101EE000002800F0B880FFE70798B0F1FF3F17DC4B
:101EF000FFE707A804300290029858B9FFE74FF0B7
:101F0000500080F31188BFF36F8FBFF34F8F0D9098
:101F1000FFE7FEE702990A6848688968904700E091
:101F2000FFE70798002800F19580FFE709980690E1
:101F30000698406928B1FFE70698043000F034FCA9
:101F400000E0FFE705A800F0FFF803900798019074
:101F5000092800F27D800199DFE801F00505053DC3
:101F6000456605053D45069991F8280040F00100B9
:101F700081F828000698089B81691944039AFFF7A5
:101F8000D7FE30B3FFE70698016A8847069890F8B5
:101F90002800400700281AD5FFE7069808998269AB
:101FA0000A44694600230B60194602F0E5F80490E4
:101FB000049858B9FFE74FF0500080F31188BFF341
:101FC0006F8FBFF34F8F0C90FFE7FEE700E0FFE756
:101FD00000E0FFE73DE0069991F8280000F0FE00E0
:101FE00081F8280035E0069991F8280040F00100BA
:101FF00081F828000898069988610698806958B980
:10200000FFE74FF0500080F31188BFF36F8FBFF3ED
:102010004F8F0B90FFE7FEE70698039B81691944F9
:102020001A46FFF785FE14E0069890F8280080070E
:10203000002804D4FFE7069800F0E2FC07E00699C8
:1020400091F8280000F0FE0081F82800FFE700E08A
:10205000FFE7FFE73BE70EB080BD00000000000097
:1020600080B584B00390029100F09AFF684600F0BA
:102070006BF801900098D8BBFFE7029860B9FFE7C2
:1020800003980199884207D8FFE701F065FF03989C
:102090000199FFF7D1FE2AE0029858B1FFE740F21C
:1020A000DC60C2F2004000680068B0FA80F04009CD
:1020B0000290FFE744F65070C2F2004000680399B6
:1020C000019A891A029A00F097FD01F045FF60B964
:1020D000FFE74EF60451CEF200014FF08050086049
:1020E000BFF34F8FBFF36F8F00E0FFE7FFE702E022
:1020F00001F032FFFFE704B080BD000000000000E7
:1021000081B040F2D060C2F200400068006840B97F
:10211000FFE744F6B061C2F200414FF0FF300860C3
:102120000FE040F2D060C2F200400068C068C068B2
:1021300000900098406844F6B061C2F20041086027
:10214000FFE701B07047000080B582B0019001F058
:1021500033FD0090009840F27C61C2F200410968B2
:10216000884206D2FFE700F013F8019901200860C9
:1021700003E0019900200860FFE7009840F27C61CD
:10218000C2F200410860009802B080BD000000006B
:1021900080B588B0FFE740F2CC60C2F20040006832
:1021A000006800284ED0FFE740F2CC60C2F2004049
:1021B0000168C968096806910068C068C068039032
:1021C0000398043000F0F0FA0398016A88470398F6
:1021D00090F828004007002832D5FFE706980399B9
:1021E0008969084405900598069988420FD9FFE748
:1021F0000598039948600398006140F2CC60C2F2F0
:10220000004000680399043100F042FB17E0039896
:10221000069A694600230B60194601F0ADFF029053
:10222000029858B9FFE74FF0500080F31188BFF3D0
:102230006F8FBFF34F8F0790FFE7FEE7FFE700E0E8
:10224000FFE7A8E740F2CC62C2F2004210680490B7
:1022500040F2DC61C2F20041086810600498086036
:1022600008B080BD0000000083B00020009040F264
:102270003000C2F200400068013058B1FFE74FF073
:10228000500080F31188BFF36F8FBFF34F8F029020
:10229000FFE7FEE74FF0500080F31188BFF36F8F28
:1022A000BFF34F8F0190FFE7009808B9FFE7FBE706
:1022B00003B070470000000080B584B00390FFE7D2
:1022C00001A8FFF735FB029002980199FFF7C8FEBD
:1022D000FFF7FAFDF4E7000080B582B0019000F04E
:1022E0003BFB019890F845008DF80300FFE79DF94E
:1022F0000300012816DBFFE70198406A58B1FFE7A9
:102300000198243001F0C0FD18B1FFE700F080FD16
:1023100000E0FFE700E005E09DF8030001388DF8DC
:102320000300E4E70199FF2081F8450000F040FB3D
:1023300000F012FB019890F844008DF80200FFE7CE
:102340009DF90200012816DBFFE70198006980B1C2
:10235000FFE70198103001F097FD18B1FFE700F09A
:1023600057FD00E0FFE79DF8020001388DF80200FC
:1023700000E000E0E4E70199FF2081F8440000F06C
:1023800017FB02B080BD000080B58AB00690002027
:10239000029000F005FE40F2D460C2F200400068F6
:1023A00018B9FFE7FFF7E4FA00E0FFE7069844F604
:1023B0007861C2F200410968084240F0C580FFE739
:1023C000069800B3FFE70698083006909DF81800BD
:1023D0004007B0B1FFE7069820F0070008300690EC
:1023E0009DF81800400758B1FFE74FF0500080F308
:1023F0001188BFF36F8FBFF34F8F0990FFE7FEE7A0
:1024000000E0FFE700E0FFE70698002800F09A8070
:10241000FFE7069844F6A461C2F2004109688842C9
:1024200000F29080FFE744F61C70C2F20040049076
:1024300000680590FFE705984168069A00209142E0
:10244000019007D2FFE705980068002818BF012017
:102450000190FFE70198C00730B1FFE705980490AD
:10246000059800680590E6E7059840F2D461C2F24D
:1024700000410968884263D0FFE70498006808308B
:1024800002900598006804990860059840680699CC
:10249000401A112821D3FFE70598069908440390B4
:1024A0009DF80C00400758B1FFE74FF0500080F353
:1024B0001188BFF36F8FBFF34F8F0890FFE7FEE7E0
:1024C000059840680699401A03994860069805994E
:1024D00048600398FFF7C8FB00E0FFE705984268F3
:1024E00044F6A460C2F200400168891A01600068E5
:1024F00044F6AC61C2F20041096888420BD2FFE7A2
:1025000044F6A460C2F20040006844F6AC61C2F236
:102510000041086000E0FFE744F67860C2F2004046
:1025200002680599486810434860059900200860D2
:1025300044F6B861C2F2004108680130086000E06A
:10254000FFE700E0FFE700E0FFE701F005FD9DF891
:102550000800400758B1FFE74FF0500080F31188A2
:10256000BFF36F8FBFF34F8F0790FFE7FEE702982F
:102570000AB080BD0000000083B00290019100927B
:1025800002980438029002994FF080700860029817
:1025900004380290019820F0010002990860029826
:1025A00004380290029942F26920C0F601000860E6
:1025B0000298143802900098029908600298043832
:1025C000029002996FF00200086002982038029091
:1025D000029803B07047000080B582B001908DF87A
:1025E00003109DF8030038B9FFE70199C869098C09
:1025F0000022F2F721FA0CE09DF80300012807D130
:10260000FFE70199C869098C0122F2F715FAFFE783
:10261000FFE702B080BD000080B582B001908DF868
:1026200003109DF8030038B9FFE701994869098B49
:102630000022F2F701FA0CE09DF80300012807D10F
:10264000FFE701994869098B0122F2F7F5F9FFE7E5
:10265000FFE702B080BD000080B582B001908DF828
:1026600003109DF8030038B9FFE70199C868098A8B
:102670000022F2F7E1F90CE09DF80300012807D1F0
:10268000FFE70199C868098A0122F2F7D5F9FFE747
:10269000FFE702B080BD000080B584B003908DF8E4
:1026A0000B10039800686A464FF0FF3111600DF17E
:1026B0000B010DF10A020123F5F71EFE9DF80A0039
:1026C00004B080BD0000000080B582B001908DF89C
:1026D00003109DF8030038B9FFE70199486809899C
:1026E0000022F2F7A9F90CE09DF80300012807D1B8
:1026F000FFE70199486809890122F2F79DF9FFE790
:10270000FFE702B080BD000080B588B007908DF86B
:102710001B100592ADF8123040F27000C2F200407A
:10272000017840F27400C2F2004050F821000068C5
:102730009DF81B200599BDF812C06B464FF0FF3E77
:10274000C3F808E0C3F804C01960D5210123F2F7EB
:10275000C7FA08B080BD000080B588B007908DF83A
:102760001B100592ADF8123040F27000C2F200402A
:10277000017840F27400C2F2004050F82100006875
:102780009DF81B200599BDF812C06B464FF0FF3E27
:10279000C3F808E0C3F804C01960D5210123F2F79B
:1027A000E7FB08B080BD000082B00190019800698D
:1027B000009001984168806888600199486889683C
:1027C0004860009840680199884205D1FFE7019868
:1027D00080680099486000E0FFE7019900200861E7
:1027E00000990868013808600098006802B07047D6
:1027F00083B0029001910092029944F69810C2F2BF
:1028000000400860019944F29870C2F200400860EC
:1028100000998020086003B07047000000000000AD
:1028200083B0029001910092029944F6F450C2F2F2
:1028300000400860019944F6F410C2F200400860BC
:1028400000994FF48070086003B0704700000000EA
:1028500081B00090009901F10800486000994FF0A4
:10286000FF308860009901F10800C860009901F10B
:102870000800086100990020086001B0704700005E
:1028800081B0009000990020086101B070470000FD
:1028900084B0039002910298006800900098013083
:1028A00020B9FFE703980069019010E00398083011
:1028B0000190FFE70198406800680099884205D8B8
:1028C000FFE7FFE7019840680190F3E7FFE7019811
:1028D00040680299486002984168886001980299AE
:1028E00088600298019948600398029908610399E9
:1028F00008680130086004B0704700000000000064
:1029000083B002900191029840680090009801996C
:1029100048600098806801998860019800998968EA
:1029200048600198009988600298019908610299AD
:1029300008680130086003B0704700000000000024
:10294000DFF80C00016841F470010160704700007D
:1029500088ED00E00000000082B04FF0500080F3EE
:102960001188BFF36F8FBFF34F8F019040F230009B
:10297000C2F200400168013101600068012814D1F1
:10298000FFE74EF60450CEF200000068000658B192
:10299000FFE74FF0500080F31188BFF36F8FBFF354
:1029A0004F8F0090FFE7FEE7FFE702B0704700009F
:1029B00082B040F23000C2F20040006858B9FFE730
:1029C0004FF0500080F31188BFF36F8FBFF34F8F2C
:1029D0000090FFE7FEE740F23000C2F200400168DD
:1029E00001390160006830B9FFE7002001900198CB
:1029F00080F31188FFE702B070470000000000007C
:102A000080B586B0039003980290039800285CD0AC
:102A1000FFE70298083802900298019001984068F8
:102A200044F67861C2F20041096808420BD1FFE721
:102A30004FF0500080F31188BFF36F8FBFF34F8FBB
:102A40000590FFE7FEE70198006858B1FFE74FF0F7
:102A5000500080F31188BFF36F8FBFF34F8F049046
:102A6000FFE7FEE70198406844F67861C2F2004152
:102A70000968084227D0FFE70198006808BBFFE714
:102A800044F67860C2F200400268019948689043B9
:102A9000486000F085FA0198426844F6A461C2F2E9
:102AA00000410868104408600198FFF7DDF844F61B
:102AB000BC61C2F2004108680130086001F04CFAC4
:102AC00000E0FFE700E0FFE7FFE706B080BD0000A1
:102AD0004EF21001CEF20001002008604EF2180202
:102AE000CEF20002106040F21000C2F20040006816
:102AF00044F6D352C1F26202A0FB02024FF0FF3053
:102B000000EB92104EF21402CEF200021060072089
:102B1000086070470000000084B0EFF3058001906A
:102B2000019810281ED3FFE701984EF2F031CEF243
:102B30000001405C8DF803009DF8030044F26471CD
:102B4000C2F20041097888420BDAFFE74FF05000EB
:102B500080F31188BFF36F8FBFF34F8F0390FFE7B0
:102B6000FEE7FFE74EF60C50CEF20000006800F4DE
:102B7000E06044F26871C2F20041096888420BD9F2
:102B8000FFE74FF0500080F31188BFF36F8FBFF362
:102B90004F8F0290FFE7FEE704B07047000000008F
:102BA00083B00290019100200090FFE70098072871
:102BB0001DD8FFE7009944F6D860C2F2004050F8F3
:102BC000310070B9FFE70198009A44F6D861C2F26B
:102BD000004141F832000298009A01EBC2014860BE
:102BE00005E0FFE7FFE7009801300090DEE703B063
:102BF000704700000000000080B584B0039002918F
:102C0000019203980090FFF7A7FE009890F9440006
:102C1000013028B9FFE70099002081F84400FFE760
:102C2000009890F94500013028B9FFE7009900208D
:102C300081F84500FFE7FFF7BBFE0098806B38B9CD
:102C4000FFE7009824300299019A00F00DF900E0A6
:102C5000FFE70098FFF740FB04B080BD00000000D4
:102C600080B584B00290002001900298E0B1FFE7A7
:102C700044F28C70C2F20040006858B1FFE74FF098
:102C8000500080F31188BFF36F8FBFF34F8F039015
:102C9000FFE7FEE700F084F902980021FEF708FC48
:102CA00001F05AF9019000E0FFE7019860B9FFE7F1
:102CB0004EF60451CEF200014FF080500860BFF391
:102CC0004F8FBFF36F8F00E0FFE704B080BD0000BF
:102CD00080B58AB00690059100200290069858B9F8
:102CE000FFE74FF0500080F31188BFF36F8FBFF301
:102CF0004F8F0990FFE7FEE7059858B9FFE74FF0BF
:102D0000500080F31188BFF36F8FBFF34F8F08908F
:102D1000FFE7FEE744F28C70C2F20040006858B151
:102D2000FFE74FF0500080F31188BFF36F8FBFF3C0
:102D30004F8F0790FFE7FEE700F032F944F64C7042
:102D4000C2F20040006801900698006805990844A6
:102D50000490019806990968884210D2FFE7049808
:102D600006990968884208D2FFE7049801998842C9
:102D700003D9FFE70120029000E0FFE70FE004988D
:102D800006990968884205D3FFE7049801998842AB
:102D900003D9FFE70120029000E0FFE7FFE7049876
:102DA00006990860029838B1FFE704980199401A23
:102DB0000021FEF77DFB00E0FFE701F0CDF8039076
:102DC000039860B9FFE74EF60451CEF200014FF0D0
:102DD00080500860BFF34F8FBFF36F8F00E0FFE7B5
:102DE0000AB080BD0000000081B0009044F6B460DD
:102DF000C2F2004000680099086044F64C70C2F2CC
:102E0000004000680099486001B070470000000071
:102E100044F65871C2F2004101200860704700007A
:102E200080B584B002900191029858B9FFE74FF045
:102E3000500080F31188BFF36F8FBFF34F8F039063
:102E4000FFE7FEE7029840F2C861C2F2004109685C
:102E50001831FFF71DFD01980121FEF729FB04B091
:102E600080BD00000000000080B584B00290019198
:102E70000092029858B9FFE74FF0500080F3118894
:102E8000BFF36F8FBFF34F8F0390FFE7FEE702980A
:102E900040F2C861C2F2004109681831FFF730FD05
:102EA000009820B1FFE74FF0FF300190FFE7019855
:102EB0000099FEF7FDFA04B080BD0000000000009C
:102EC00080B58AB0002003900690059006A805A959
:102ED00004AAFFF78DFC039B049A0599DDF818C03E
:102EE0006846C0F808C04160036041F63120C0F672
:102EF000010045F2B061C0F6010100F0D9FD0146C4
:102F000044F6A860C2F200400160006818B1FFE713
:102F10000120079002E000200790FFE707980128B2
:102F200004D1FFE701F0DCF8079000E0FFE7079825
:102F3000012823D1FFE74FF0500080F31188BFF341
:102F40006F8FBFF34F8F099044F6B061C2F200411A
:102F50004FF0FF30086044F61871C2F200410120C2
:102F6000086044F64C71C2F200410020086000F095
:102F700083F808B1FFE700E0FFE70FE007980130B2
:102F800058B9FFE74FF0500080F31188BFF36F8FFF
:102F9000BFF34F8F0890FFE7FEE7FFE70AB080BD61
:102FA00044F28C71C2F20041086801300860704739
:102FB00083B044F28C70C2F20040006838B1FFE781
:102FC00044F65871C2F200410120086051E044F615
:102FD0005871C2F200410020086044F29470C2F2BD
:102FE000004000680190FFE7019800EB800140F28B
:102FF000E060C2F2004050F8210090B9FFE701986C
:1030000058B9FFE74FF0500080F31188BFF36F8F7E
:10301000BFF34F8F0290FFE7FEE701980138019060
:10302000E2E7019800EB800140F2E060C2F200406C
:1030300000EB810000900099486840684860009962
:1030400048680831884205D1FFE700994868406820
:103050004860FFE700984068C06840F2C861C2F26B
:1030600000410860019844F29471C2F20041086086
:10307000FFE703B07047000080B588B04EF60050FF
:10308000CEF2000000684CF27121C4F20F118842A8
:103090000BD1FFE74FF0500080F31188BFF36F8F23
:1030A000BFF34F8F0790FFE7FEE74EF60050CEF2DA
:1030B000000000684CF27021C4F20F1188420BD15D
:1030C000FFE74FF0500080F31188BFF36F8FBFF31D
:1030D0004F8F0690FFE7FEE74EF20040CEF2000071
:1030E000039001780491FF21017000788DF80B00A6
:1030F0009DF80B0000F0500044F26471C2F20041F0
:10310000087044F26871C2F2004107200860FFE7CE
:103110009DF80B00000600280DD5FFE744F268710A
:10312000C2F200410868013808609DF80B004000B9
:103130008DF80B00ECE744F26870C2F200400068C2
:1031400003280BD0FFE74FF0500080F31188BFF346
:103150006F8FBFF34F8F0590FFE7FEE744F2687172
:10316000C2F20041086800020860086800F4E060EC
:10317000086004984EF20041CEF2000108704EF64D
:103180002051CEF20001086840F470000860086821
:1031900040F070400860FFF79BFC40F23001C2F243
:1031A0000041002001900860FFF7CAFB4EF6347121
:1031B000CEF20001086840F040400860FEF728FEAB
:1031C000FFF7F6FEFFF750F8019808B080BD000049
:1031D00080B582B04FF0500080F31188BFF36F8F3D
:1031E000BFF34F8F009000F0F3FC40B1FFE74EF6C5
:1031F0000451CEF200014FF080500860FFE700203C
:103200000190019880F3118802B080BD0000000099
:1032100080B590B084461298CDF828C009910892E4
:1032200007938DF81B000A9858B9FFE74FF050003C
:1032300080F31188BFF36F8FBFF34F8F0F90FFE7BD
:10324000FEE7079858B9FFE74FF0500080F3118868
:10325000BFF36F8FBFF34F8F0E90FFE7FEE7089924
:103260000020039031B1FFE70998B0FA80F04009DF
:103270000390FFE70398C00758B1FFE74FF05000F5
:1032800080F31188BFF36F8FBFF34F8F0D90FFE76F
:10329000FEE708990020029031B9FFE7099800285D
:1032A00018BF01200290FFE70298C00758B1FFE75E
:1032B0004FF0500080F31188BFF36F8FBFF34F8F33
:1032C0000C90FFE7FEE750200490049850280BD0A4
:1032D000FFE74FF0500080F31188BFF36F8FBFF30B
:1032E0004F8F0B90FFE7FEE704980798059005982D
:1032F00088B1FFE70599012081F846000A980999ED
:10330000089A9DF81B30DDF814C0EE46CEF800C0D8
:10331000FEF7AAFB00E0FFE7059810B080BD0000B3
:1033200080B584B00290019102980090009858B93D
:10333000FFE74FF0500080F31188BFF36F8FBFF3AA
:103340004F8F0390FFE7FEE7FFF706FB00990B683E
:10335000C86B0A6C00FB023088600099002088630B
:1033600000990868486000990B68C86B0A6C0138BE
:1033700000FB0230C8600099FF2081F844000099EA
:1033800081F845000198D0B9FFE700980069A0B125
:10339000FFE70098103000F077FD60B1FFE74EF6D0
:1033A0000451CEF200014FF080500860BFF34F8F00
:1033B000BFF36F8F00E0FFE700E0FFE708E0009851
:1033C0001030FFF745FA00982430FFF741FAFFE785
:1033D000FFF7EEFA012004B080BD000000000000FD
:1033E00080B592B00C900B910A920993002008903E
:1033F0000C980490049858B9FFE74FF0500080F300
:103400001188BFF36F8FBFF34F8F1190FFE7FEE777
:103410000B990020039039B9FFE70498006C00284D
:1034200018BF01200390FFE70398C00758B1FFE7DA
:103430004FF0500080F31188BFF36F8FBFF34F8FB1
:103440001090FFE7FEE7099900200229029007D1BA
:10345000FFE70498C06B013818BF01200290FFE716
:103460000298C00758B1FFE74FF0500080F3118871
:10347000BFF36F8FBFF34F8F0F90FFE7FEE700F0B2
:103480007FFB01460020019031B9FFE70A98002830
:1034900018BF01200190FFE70198C00758B1FFE76E
:1034A0004FF0500080F31188BFF36F8FBFF34F8F41
:1034B0000E90FFE7FEE7FFE7FFF74EFA0498806BF8
:1034C0000499C96B884204D3FFE70998022834D1D4
:1034D000FFE704980B99099AFEF792F90790049870
:1034E000406AA0B1FFE70498243000F0CDFC60B141
:1034F000FFE74EF60451CEF200014FF08050086015
:10350000BFF34F8FBFF36F8F00E0FFE710E0079826
:1035100060B1FFE74EF60451CEF200014FF080504B
:103520000860BFF34F8FBFF36F8F00E0FFE7FFE747
:10353000FFF73EFA01200D9065E00A9828B9FFE7F1
:10354000FFF736FA00200D905DE0089830B9FFE7EC
:1035500005A8FFF749FC0120089000E0FFE7FFE71E
:10356000FFE7FFF725FAFFF71BFDFFF7F5F90498D2
:1035700090F94400013028B9FFE70499002081F850
:103580004400FFE7049890F94500013028B9FFE7AF
:103590000499002081F84500FFE7FFF709FA05A824
:1035A0000AA900F0CDF928BBFFE70498FEF718FC44
:1035B000C8B1FFE7049810300A99FFF731FC04986E
:1035C000FEF78AFE00F0C8FC60B9FFE74EF6045132
:1035D000CEF200014FF080500860BFF34F8FBFF371
:1035E0006F8FFFE705E00498FEF776FE00F0B4FC6D
:1035F000FFE707E00498FEF76FFE00F0ADFC002047
:103600000D9000E058E70D9812B080BD000000005A
:1036100080B592B00B900A91099208930B9805908F
:10362000059858B9FFE74FF0500080F31188BFF3B9
:103630006F8FBFF34F8F0E90FFE7FEE70A990020D0
:10364000029039B9FFE70598006C002818BF0120E7
:103650000290FFE70298C00758B1FFE74FF0500013
:1036600080F31188BFF36F8FBFF34F8F0D90FFE78B
:10367000FEE7089900200229019007D1FFE705988D
:10368000C06B013818BF01200190FFE70198C00707
:1036900058B1FFE74FF0500080F31188BFF36F8FF0
:1036A000BFF34F8F0C90FFE7FEE7FFF735FAEFF31C
:1036B00011814FF0500080F31188BFF36F8FBFF37B
:1036C0004F8F10910F90109806900598806B059978
:1036D000C96B884204D3FFE70898022833D1FFE77B
:1036E000059890F845008DF813000598806B0390BD
:1036F00005980A99089AFEF783F89DF9130001309E
:10370000B8B9FFE70598406A88B1FFE7059824300B
:1037100000F0BAFB48B1FFE7099820B1FFE709992B
:103720000120086000E0FFE700E0FFE700E0FFE7BE
:1037300006E09DF813000130059981F84500FFE788
:103740000120079002E000200790FFE70698119003
:10375000119880F31188079812B080BD0000000016
:1037600080B58EB0099008910792002006900998C4
:103770000390039858B9FFE74FF0500080F3118889
:10378000BFF36F8FBFF34F8F0D90FFE7FEE70899F0
:103790000020019039B9FFE70398006C002818BF9A
:1037A00001200190FFE70198C00758B1FFE74FF0F3
:1037B000500080F31188BFF36F8FBFF34F8F0C90D1
:1037C000FFE7FEE700F0DCF901460020009031B988
:1037D000FFE70798002818BF01200090FFE7009836
:1037E000C00758B1FFE74FF0500080F31188BFF3D6
:1037F0006F8FBFF34F8F0B90FFE7FEE7FFE7FFF7F9
:10380000ABF80398806B0290029830B3FFE70398FF
:103810000899FDF7D1FF029801380399886303984E
:103820000069A0B1FFE70398103000F02DFB60B1F4
:10383000FFE74EF60451CEF200014FF080500860D1
:10384000BFF34F8FBFF36F8F00E0FFE700E0FFE7AC
:10385000FFF7AEF801200A906DE0079828B9FFE75E
:10386000FFF7A6F800200A9065E0069830B9FFE758
:1038700004A8FFF7B9FA0120069000E0FFE7FFE790
:10388000FFE7FFF795F8FFF78BFBFFF765F8039865
:1038900090F94400013028B9FFE70399002081F82E
:1038A0004400FFE7039890F94500013028B9FFE78D
:1038B0000399002081F84500FFE7FFF779F804A895
:1038C00007A900F03DF830BBFFE70398FEF774FA54
:1038D000D0B1FFE7039824300799FFF7A1FA0398C6
:1038E000FEF7FAFC00F038FB60B9FFE74EF6045132
:1038F000CEF200014FF080500860BFF34F8FBFF34E
:103900006F8F00E0FFE705E00398FEF7E5FC00F0AD
:1039100023FBFFE70EE00398FEF7DEFC00F01CFB44
:103920000398FEF749FA18B1FFE700200A9002E079
:10393000FFE7FFE763E70A980EB080BD00000000D4
:1039400080B588B005900491059858B9FFE74FF00D
:10395000500080F31188BFF36F8FBFF34F8F079034
:10396000FFE7FEE7049858B9FFE74FF0500080F3F7
:103970001188BFF36F8FBFF34F8F0690FFE7FEE70D
:10398000FEF7EAFF44F64C70C2F200400068029075
:10399000029805994968401A01900498006801301E
:1039A00018B9FFE7002003902BE044F6B460C2F2A0
:1039B0000040006805990968884209D0FFE702982D
:1039C00005994968884203D3FFE70120039017E077
:1039D00001980499096888420BD2FFE7019A04997B
:1039E0000868801A08600598FFF7FEF90020039028
:1039F00005E004990020086001200390FFE7FFE73D
:103A0000FFE7FEF7D5FF039808B080BD0000000077
:103A100070B58CB0DDF844C0DDF840C00B900A9161
:103A2000ADF826200893BDF826008000FEF7ACFC18
:103A30000590059880B1FFE75C20FEF7A5FC079094
:103A4000079820B1FFE705980799086303E00598F8
:103A5000FEF7D6FFFFE702E000200790FFE7079898
:103A6000F0B1FFE70798002680F859600B980A9993
:103A7000BDF82620089BDDF840C0119C079DEE464E
:103A8000CEF80C60CEF80850CEF80440CEF800C056
:103A9000FEF70EF80798FDF777FD0120069003E08A
:103AA0004FF0FF300690FFE706980CB070BD0000A5
:103AB000B0B58EB0DDF850C0DDF84CC0DDF848C0C0
:103AC0000A90099108920793139858B9FFE74FF0AD
:103AD000500080F31188BFF36F8FBFF34F8F0D90AD
:103AE000FFE7FEE7149858B9FFE74FF0500080F366
:103AF0001188BFF36F8FBFF34F8F0C90FFE7FEE786
:103B00005C20049004985C280BD0FFE74FF0500035
:103B100080F31188BFF36F8FBFF34F8F0B90FFE7D8
:103B2000FEE70498149820B3FFE7139808B3FFE763
:103B3000149806901398069908630699022081F854
:103B400059000A980999089A079BDDF848C0069C15
:103B5000EE460025CEF80C50CEF8084005ACCEF865
:103B60000440CEF800C0FDF7A3FF0698FDF70CFD5A
:103B700002E000200590FFE705980EB0B0BD000000
:103B800081B044F61870C2F20040006818B9FFE72F
:103B9000012000900DE044F28C70C2F200400068F9
:103BA00018B9FFE70220009002E000200090FFE734
:103BB000FFE7009801B0704781B044F64C70C2F244
:103BC000004000680090009801B0704700000000BD
:103BD00080B586B00020029044F28C70C2F20040A2
:103BE0000068002840F0CB80FFE744F64C71C2F239
:103BF000004108680130019001980860019858BBA5
:103C0000FFE740F2D060C2F200400068006858B19F
:103C1000FFE74FF0500080F31188BFF36F8FBFF3C1
:103C20004F8F0590FFE7FEE740F2D062C2F20042FC
:103C30001068009040F2D861C2F20041086810603C
:103C40000098086044F6B461C2F20041086801308F
:103C50000860FEF755FA00E0FFE7019844F6B0610E
:103C6000C2F200410968884268D3FFE7FFE740F2EB
:103C7000D060C2F200400068006840B9FFE744F637
:103C8000B061C2F200414FF0FF30086055E040F2F1
:103C9000D060C2F200400068C068C0680490049818
:103CA0004068039001980399884207D2FFE7039880
:103CB00044F6B061C2F2004108603EE0FFE70498BC
:103CC0000430FEF771FD0498806A28B1FFE704987C
:103CD0001830FEF769FD00E0FFE70498C06A44F27F
:103CE0009471C2F200410968884208D9FFE704983C
:103CF000C06A44F29471C2F200410860FFE704997F
:103D0000C86A00EB800240F2E060C2F2004000EBC3
:103D100082000431FEF7F4FD0498C06A40F2C861E5
:103D2000C2F200410968C96A884203D3FFE7012053
:103D3000029000E0FFE7FFE799E7FFE740F2C86085
:103D4000C2F200400068C06A00EB800140F2E0600F
:103D5000C2F2004050F82100022803D3FFE70120FF
:103D6000029000E0FFE744F65870C2F2004000689D
:103D700018B1FFE70120029000E0FFE707E044F6FA
:103D8000C061C2F20041086801300860FFE7029894
:103D900006B080BD0000000080B586B00390039897
:103DA0000290002001900398002867D0FFE7029856
:103DB00040F2C861C2F20041096888420BD0FFE7B7
:103DC0004FF0500080F31188BFF36F8FBFF34F8F18
:103DD0000590FFE7FEE70298006D58B9FFE74FF046
:103DE000500080F31188BFF36F8FBFF34F8F0490A3
:103DF000FFE7FEE70299086D013808650299C86A75
:103E0000C96C884238D0FFE70298006D90BBFFE78D
:103E100002980430FEF7C8FC08B9FFE700E0FFE7AE
:103E20000299C86CC8620299C86AC0F138008861FA
:103E30000298C06A44F29471C2F200410968884253
:103E400008D9FFE70298C06A44F29471C2F20041B7
:103E50000860FFE70299C86A00EB800240F2E06068
:103E6000C2F2004000EB82000431FEF749FD012060
:103E7000019000E0FFE700E0FFE700E0FFE70198C6
:103E800006B080BD0000000080B584B002900298AA
:103E9000C068C0680190019858B9FFE74FF0500022
:103EA00080F31188BFF36F8FBFF34F8F0390FFE74D
:103EB000FEE701981830FEF777FC44F28C70C2F2EE
:103EC0000040006820BBFFE701980430FEF76CFC5F
:103ED0000198C06A44F29471C2F2004109688842B4
:103EE00008D9FFE70198C06A44F29471C2F2004118
:103EF0000860FFE70199C86A00EB800240F2E060C9
:103F0000C2F2004000EB82000431FEF7F9FC09E048
:103F1000019800F1180144F6C460C2F20040FEF7B7
:103F2000EFFCFFE70198C06A40F2C861C2F20041AD
:103F30000968C96A884208D9FFE70120009044F661
:103F40005871C2F20041086002E000200090FFE7D3
:103F5000009804B080BD000080B584B000200290BD
:103F6000019044F28C70C2F20040006858B9FFE73B
:103F70004FF0500080F31188BFF36F8FBFF34F8F66
:103F80000390FFE7FEE7FEF7E7FC44F28C70C2F215
:103F900000400168013901600068002840F0998004
:103FA000FFE744F28470C2F200400068002800F08D
:103FB0008F80FFE7FFE744F6C460C2F2004000686C
:103FC000002842D0FFE744F6C460C2F20040C06857
:103FD000C068029002981830FEF7E6FB02980430A1
:103FE000FEF7E2FB0298C06A44F29471C2F200410B
:103FF0000968884208D9FFE70298C06A44F29471C0
:10400000C2F200410860FFE70299C86A00EB800233
:1040100040F2E060C2F2004000EB82000431FEF7A3
:104020006FFC0298C06A40F2C861C2F200410968A0
:10403000C96A884207D3FFE744F65871C2F20041CB
:104040000120086000E0FFE7B5E7029818B1FFE73C
:10405000FEF756F8FFE744F6C060C2F20040006881
:1040600000900098E0B1FFE7FFE7FFF7B1FD38B13E
:10407000FFE744F65871C2F200410120086000E0F9
:10408000FFE7009801380090FFE700980028ECD186
:10409000FFE744F6C061C2F200410020086000E082
:1040A000FFE744F65870C2F20040006870B1FFE7C5
:1040B000012001904EF60451CEF200014FF08050E5
:1040C0000860BFF34F8FBFF36F8F00E0FFE7FFE79C
:1040D00000E0FFE7FEF76CFC019804B080BD000033
:1040E00080B58AB000200890FDF7E2FA44F65070DF
:1040F000C2F20040006858B3FFE700200490079028
:10410000069007A806A905AAFEF78AFB049B059A54
:104110000698DDF81CC06946C1F808C04860022056
:10412000086042F2B920C0F6010045F2BA61C0F65B
:104130000101FFF7BDFC014644F65470C2F2004095
:104140000160006818B1FFE701200890FFE700E078
:10415000FFE7089858B9FFE74FF0500080F3118847
:10416000BFF36F8FBFF34F8F0990FFE7FEE708980B
:104170000AB080BD0000000080B58AB0DDF830C014
:10418000089007910692059300200490089858B96A
:10419000FFE74FF0500080F31188BFF36F8FBFF33C
:1041A0004F8F0990FFE7FEE744F65070C2F20040DF
:1041B0000068A8B3FFE70798009006980190089858
:1041C0000290079805281EDCFFE7FFF7D9FC0228BC
:1041D0000CD1FFE744F65070C2F2004000680C9A20
:1041E00069460023FFF7FCF804900BE044F650709A
:1041F000C2F200400068694600231A46FFF7F0F853
:104200000490FFE70BE044F65070C2F200400068F3
:10421000059A69460023FFF7FBF90490FFE700E0E9
:10422000FFE704980AB080BD0FB4054B10B503A991
:10423000044A029800F010FD10BC5DF814FB000069
:1042400099070108000000244100080218BF04205B
:104250000A0E18BF40F001004FF07F4232EA010120
:1042600008BF40F00200012808BF05207047000089
:1042700010B54FF00E402DED028BB0EE408A18EED7
:10428000104A00EB4400B0F1506F4AD84FF0FC40A8
:10429000B0EB440F22D2B0EEC80AF7EE000A30EEBF
:1042A000C00AF6EE000A60EE208A18EE900A01F0CD
:1042B000A1F801EE100A14F0004F1DBFDFED2D0A2A
:1042C0009FED2D0AB1EE411ADFED2C0A08BF9FEDDC
:1042D0002C0AF8EE001A21EE218A05E0DFED290A0A
:1042E00068EE088AB0EE600A9FED271ADFED271A04
:1042F00030EE080A48EE811A9FED251A08EEA11A41
:10430000DFED241A48EE811A9FED231A08EEA11A58
:1043100068EE281ABDEC028B01EE810A30EE200A0D
:1043200010BD4FF0E440B0EB440F0CD918EE100A6A
:10433000FFF78AFF042808BF00F004FBB0EE480A2C
:10434000BDEC028B10BD4FF07F40B0EB440F07D2A5
:10435000B0EE480ABDEC028BBDE8104000F0E4BAB4
:10436000012000F0B1FBBDEC028BBDE8104000F075
:10437000E1BA00000000C9BF22AAFDB90000C93F90
:1043800022AAFD390000000024FE1C3DC78AD83C4B
:104390001E67383D1B93993DAFAA2A3E70B54FF07A
:1043A00068422DED048BF0EE408A18EE900AB0EED4
:1043B000608A18EE101A02EB4003B3F1654F3CBF60
:1043C00002EB4102B2F1654F7DD200BFC0F3C7538B
:1043D000C1F3C7529A1A1B2A09DD10F0004F14BF0F
:1043E0009FED830A9FED830ABDEC048B70BD12F133
:1043F0001A0F36DA11F0004F09D010F0004F0CBF41
:104400009FED7D0A9FED7D0ABDEC048B70BD88EEAB
:10441000889A19EE100AFFF717FF042808BF00F06A
:1044200091FA18EE900AFFF70FFF054618EE100AF2
:10443000FFF70AFF044619EE100AFFF705FF042DE7
:1044400018BF052D08D1042C18BF052C04D1002855
:1044500004BF022000F038FBB0EE490ABDEC048B2B
:1044600070BD4200B2EB410F3AD910F0004F19BFB6
:10447000DFED630A9FED630ADFED630A9FED630AD8
:10448000B0EE481A0A46B1EE688A80F00041F0EEBC
:10449000418A10460A1A5200B2F1807F34D2484055
:1044A00010F0004FDFED5A1A9FED5A2A1DBFBEEEE5
:1044B000001A70EEE10A30EE420AB6EE001A08BFAA
:1044C00070EEA10A00E040E008BF30EE020AB0EE54
:1044D000682A01EE482A08EE818AC2EE081A15E021
:1044E00011F0004F04BF9FED4C0AF0EE400AD1D00E
:1044F00010F0004F19BFDFED490A9FED490ADFEDCB
:10450000490A9FED490AC5E7C8EE881A21EEA11AAB
:104510009FED462ADFED462A41EE022A9FED452A0D
:1045200001EE222ADFED442A41EE022A9FED432AC2
:10453000BDEC048B01EE222A21EE811A01EE020A63
:1045400030EE210A30EE200A70BD4FF07F42B2EB10
:10455000400F28BFB2EB410F09D2F0EE480AB0EE8F
:10456000680ABDEC048BBDE8704000F0E0B940EA99
:1045700001035B0008BF41F0FF410BD0B2EB400FDD
:1045800008BFB2EB410F08D120F0804008EE900A3E
:1045900021F0804108EE101A18E7B2EB400F12BF6D
:1045A0005FEA410340F0FF4001F000413FF40EAFED
:1045B000B2EB410F12BF5FEA400200F0004041F051
:1045C000FF413FF403AF4A0092EA40033FF5FEAEDD
:1045D000002AACBF9FED1A0A9FED1A0A68EE808A86
:1045E00028EE008A18EE900A18EE101AEEE6000087
:1045F000DB0FC9BFDB0FC93FDB0F4940DB0F49C0F1
:104600000000C9BF22AAFDB90000C93F22AAFD3996
:104610000060ED3EC30ACE3700000000000049C034
:1046200022AA7DBA0000494022AA7D3A2DAD65BD7F
:104630008FB8D53D0FB511BE61C84C3EA8AAAABE21
:104640000000804F0000802F10EE101A08B5444A79
:104650006846B2EB410F28D94FF0E640B0EB410F6E
:1046600094BF00204FF0FF3000900098002861DBDD
:1046700060EE000A10F0010F45D010F0020FDFEDE0
:10468000391A9FED391A00EEA11ADFED381A40EE03
:10469000811A21EEA01AF0EE400A40EE010A08BF8E
:1046A000F1EE600AB0EE600A08BD314B21F0004225
:1046B00093423CD911F0004FDFED2E0A20EE201A74
:1046C000DFED2D0A19BF31EE601A71EE200A31EECE
:1046D000201A71EE600ABDEEE01A11EE100A9FED8D
:1046E000271A00F0030000EEC10A9FED251A009082
:1046F00000EEC10A9FED231A00EEC10A9FED221AB7
:1047000000EEC10AB1E79FED211A9FED210A10F0DA
:10471000020F00EE810A9FED1F1A00EE801AB7EE1D
:10472000000A00EE810A18BFB1EE400A08BD00F091
:1047300011F99AE710EE100A4000B0F17F4F3CBF2C
:10474000B7EE000A08BD07D14FF0010000F0BCF938
:10475000BDE8084000F0EEB8BDE8084000F0E4B85D
:10476000B61F927E336D4CB9DA82083CA0AA2ABEED
:10477000490E494683F9223F0000004B0000C93F23
:1047800000A0FD390020A2331A61342CB93AB2BA24
:10479000CA9F2A3DDDFFFFBE00B510EE101A2DEDB9
:1047A000028B81B0524A6846B2EB410F2ED94FF0CE
:1047B000E640B0EB410F94BF00204FF0FF30009077
:1047C0000098B0EE408A00286ADB10F0010F4BD051
:1047D00068EE080A9FED471A9FED470A00EE810A2E
:1047E0009FED461A10F0020F00EE801AB7EE000A95
:1047F00000EE810A02BF01B0BDEC028B00BD00BF1C
:1048000001B0B1EE400ABDEC028B00BD3C4B21F083
:104810000042934241D911F0004FDFED3A0A20EEF9
:10482000201ADFED390A19BF31EE601A71EE200A45
:1048300031EE201A71EE600ABDEEE01A11EE100A98
:104840009FED321A00F0030000EEC10A9FED301A0E
:10485000009000EEC10A9FED2F1A00EEC10A9FEDF5
:104860002E1A00EEC10AABE728EE080A9FED2B1ABC
:10487000DFED2B0A10F0020F40EE010A9FED291A1E
:1048800000EE201A61EE000AB0EE480A08EE200A97
:10489000B6D101B0BDEC028B00BD00F05BF88FE734
:1048A00018EE100A4000B0F17F4F0DD218EE100A3A
:1048B000FFF7CAFC042808BF00F044F8B0EE480A2D
:1048C00001B0BDEC028B00BD09D1012000F0FCF865
:1048D00001B0BDEC028B5DF804EB00F02BB801B029
:1048E000B0EE480ABDEC028B5DF804EB00F01CB89A
:1048F000B61F927EB93AB2BACA9F2A3DDDFFFFBE0B
:10490000490E494683F9223F0000004B0000C93F91
:1049100000A0FD390020A2331A61342C336D4CB94C
:10492000DA82083CA0AA2ABE30EE000A704730EEB8
:10493000200A7047DFED020A80EEA00A70470000EF
:10494000000000009FED020A20EE000A7047000000
:10495000000000102DE9F0014FF07F42B2EB410F53
:104960009FBF4FF0FF310160BDE8F00170474FF08D
:10497000004242EA0123C1F3C752783A551112F0BE
:104980001F0C434CCCF120067C44C1F3C752A2F16A
:1049900078024FEA621204EB820254F8254008BF05
:1049A000D2E9015612D0556804FA0CF425FA06F73C
:1049B0003C43976805FA0CF527FA06F8D26807FA1F
:1049C0000CFCF24045EA08054CEA0206A4FB034C45
:1049D000A5FB0352A6FB03631D449D4234BF012681
:1049E00000261319334416B1934202D903E09342CF
:1049F00001D2012200E00022624402F1200C920662
:104A0000DC0C42EA443200EE102A5B03DFED210A9F
:104A1000F8EEC01A00EE103A4FEA9C1C11F0004F5D
:104A2000B8EE400AC0F800C020EE201A00EE105A7E
:104A3000DFED190AB8EE400A20EE200A71EE810A75
:104A400070EE800A10EE902A02F500626FF30B02FE
:104A500000EE902A70EEE11A31EEC11ADFED101A65
:104A600030EE411A9FED0D0A20EE800A01EE210A78
:104A70009FED0C1A00EE810A04BFBDE8F0017047FB
:104A8000CCF180510160BDE8F001B1EE400A704701
:104A9000A80A0000000000360000802C22AAFD2990
:104AA000DB0FC92F0000C92F02E008C8121F08C180
:104AB000002AFAD170477047002001E001C1121F9F
:104AC000002AFBD1704700000149086070470000D0
:104AD0000C0000242DE9FF5F82B00021DDE90430E5
:104AE000020DDDF840B0034318D044F61050A2F296
:104AF000FF3242431514119801281FD0A5EB0B007B
:104B0000401C5FEA000A4FF000064E4FDFF8389174
:104B1000B046504615D5CAF1000413E0119801249F
:104B20004AA3012801D16FEA0B010298119AC0E94A
:104B30000031C0E9024206B0BDE8F09FCBF10000B1
:104B4000DFE704460021404A491842EB0450CDE912
:104B5000001012E0E00707D032463B464046494687
:104B6000EBF7EBFC8046894632463B461046194639
:104B7000EBF7E3FC06460F466410002CEAD1DDE9B2
:104B80000401DDE90023BAF1000F06DAEBF7D5FCEA
:104B900042464B46EBF7D1FC05E0EBF740FD4246C1
:104BA0004B46EBF73CFD04460E460022284BEBF744
:104BB000BDFD03D84FF0FF30014607E00022254B32
:104BC00020463146EBF712FCEBF798FD102409E084
:104BD000002C0ADB0A220023EBF77EFB039B30321A
:104BE0001A55641E50EA0102F2D1641C039AC4F102
:104BF00011031444119A012A03D0012208430DD154
:104C00000AE0084304D000204FF0110B119072E726
:104C1000A3EB0B056D1E0DE05B4504DD4FF00002BC
:104C200005F1010504E003DA4FF00002A5F10105EA
:104C3000002AECD002981199C0E90231C0E9004580
:104C400079E70000000014400000F03F3000000051
:104C50000000F0430000E03F2DE9FF4F95B09B4678
:104C60008946064600250FE2252877D100242746ED
:104C7000F84A0121059400E0044316F8013F203B67
:104C800001FA03F01042F7D130782A2811D06FF0E2
:104C90002F033078A0F13002092A16D8059A44F083
:104CA000020402EB820203EB42021044761C0590E0
:104CB000EFE759F8042B0592002A03DA504244F436
:104CC0000054059044F00204761C30782E2816D14A
:104CD00016F8010F44F004042A280DD06FF02F02BB
:104CE0003078A0F13003092B09D807EB870302EBDA
:104CF0004303C718761CF3E759F8047B761C307819
:104D00006C280FD006DC4C2817D068280DD06A28F4
:104D100014D104E0742810D07A280FD10DE044F4A7
:104D200000140AE044F4801401E044F44014727862
:104D3000824202D104F58014761C761C30786628F5
:104D40000BD013DC582877D009DC002875D0452813
:104D5000F6D04628F4D047281AD19DE118E0632800
:104D600035D0642879D0652812D195E1702873D0A8
:104D700008DC6728F1D069286FD06E280DD06F2825
:104D800006D1B5E073282CD0752875D0782874D05A
:104D90005A46179990476D1C75E1C4F302500228DA
:104DA00009D003280DD0D9F8001004280DD00D60CB
:104DB00009F1040967E1D9F80010EA17C1E90052C6
:104DC000F6E7D9F800100D80F2E70D70F0E719F85A
:104DD000041B8DF8001000208DF80100EA46012028
:104DE00003E059F804AB4FF0FF3061074FF00001CA
:104DF00002D40DE008F101018846B9420FDA80457E
:104E0000F8DB1AF808100029F4D108E008F10101D4
:104E100088468142FADB1AF808100029F6D1059875
:104E20005B46A0EB080721463846179A00F094FA33
:104E3000284400EB080507E04DE029E10DE01AF8F1
:104E4000010B5A4617999047B8F10108F7D25B4613
:104E500021463846179A13E142E00A220092C4F331
:104E600002524FF0000A022A08D059F804CB032A54
:104E70004FEAEC710AD00DE029E02AE009F10701C0
:104E800021F00702F2E802C1914609E00FFA8CFC1A
:104E90004FEAEC71042A03D14FFA8CFC4FEAEC7113
:104EA000002907DA0A460021DCF1000C61EB02015F
:104EB0002D2202E0220504D52B228DF804200122A8
:104EC00003E0E20701D02022F7E7904659E00A21EB
:104ED00002E010220DE010214FF0000A00910BE0DB
:104EE00010224FF0000A44F004040827009203E067
:104EF00008224FF0000A0092C4F30252022A05D0A1
:104F000059F804CB0021032A08D009E009F1070170
:104F100021F00702F2E802C1914605E01FFA8CFC7D
:104F2000042A01D10CF0FF0C4FF00008220728D50D
:104F3000702806D0009B83F0100353EA0A0305D0C3
:104F40000EE040228DF80420012208E05CEA010214
:104F500006D030228DF804208DF8050002229046FC
:104F6000009B83F0080353EA0A030AD15CEA0102BA
:104F700001D1620705D530228DF804204FF00108D9
:104F80007F1E582804D034A003900EA802900DE094
:104F900036A0F9E753466046009AEBF79DF9844640
:104FA0000398825C0298401E029002705CEA010045
:104FB000F0D1029806A9081A00F1200A600702D56C
:104FC00024F4803400E00127574502DDA7EB0A00F6
:104FD00000E0002000EB0A01009005984144401ACF
:104FE0000590E00306D45B462146179A059800F029
:104FF000B3F90544002706E001A85A46C05D179999
:1050000090476D1C7F1C4745F6DBE0030CD55B46E3
:105010002146179A059800F09FF9054404E03020D6
:105020005A46179990476D1C0099481E0090002918
:10503000F5DC08E0029802995A460078491C029172
:10504000179990476D1CBAF10001AAF1010AF1DC31
:1050500065E100000928010030313233343536373C
:1050600038396162636465660000000030313233B4
:105070003435363738394142434445460000000054
:1050800000F058F90544761C307800287FF4ECAD28
:1050900019B02846BDE8F08F620700D4062709F151
:1050A000070222F0070CFCE80223E14603F0004867
:1050B0005FEA080C02D00FF2702C0DE05FEA045C8E
:1050C00002D50FF2682C07E05FEAC47C02D00FF231
:1050D000602C01E0AFF2700C4FF0FF3823F000437A
:1050E000CDF850C065280CD006DC452809D04628EC
:1050F0001DD047283DD13DE0662818D067287ED1D5
:1051000038E00021112F01DB112000E0781CCDE9EF
:10511000000106A90EA8FFF7DDFCDDE90F010E9ADC
:1051200003910021009207F1010A04914DE04FF034
:1051300000400097CDE9011006A90EA8FFF7CAFCB0
:10514000DDE90F0203920E9B11990022DDF80CA0FD
:105150000093049211B9791C00EB010AB7EB0A0025
:1051600004D4C0F1FF3007F1010A0490AAEB070054
:10517000019044E0012F00DA01270021112F01DD09
:10518000112000E03846CDE9000106A90EA8FFF77E
:10519000A1FCDDE90F010E9A039100210491009218
:1051A000BA4621070CD40399514500DA8A46BAF170
:1051B000010F05DD009AAAF10101515C302908D0E8
:1051C000B84202DA10F1040F06DA0121CDE901102C
:1051D00015E0AAF10101E9E7002805DC0499014482
:1051E0000491AAEB000102E0411C514500DD8A4612
:1051F0000499401A401C01904FF000400290200793
:1052000004D40198504501DBCDF8048000208DF8CE
:105210004F0002980DF14F07B0F1004F25D02B2021
:105220000E9002984FF0020800280CDA40420290DB
:105230002D200E9007E00A210298EBF7A2F83031FA
:10524000029007F8011DB8F10001A8F10108F2DC95
:1052500002980028EFD1791E0E980870307800F07F
:10526000200040F0450007F8020D12A8C01B00F115
:1052700007081498007800B1012000EB0A0101989A
:1052800001EBE07105984144401A401E0590E0038F
:1052900006D45B462146179A059800F05DF8054450
:1052A0001498007818B15A46179990476D1CE0037E
:1052B00024D55B462146179A059800F04DF8054421
:1052C0001CE00498002807DBDDE90301884203DDC8
:1052D0000098405C179901E0179930205A46904792
:1052E000049805F10105401C04900198401E0190AE
:1052F00004D12E205A46179990476D1CBAF100012F
:10530000AAF1010ADDDC05E017F8010B5A461799EE
:1053100090476D1CB8F10001A8F10108F4DC5B4670
:105320002146179A0598ABE62D0000002B000000DF
:10533000200000002DE9F041044600251E461746D6
:10534000880404D405E039462020B0476D1C641E53
:10535000F9D52846BDE8F0812DE9F0410446002545
:105360001E469046C80301D5302700E02027880458
:1053700004D505E041463846B0476D1C641EF9D59A
:105380002846BDE8F0810000F0B50B30154D20F047
:1053900007010024144A0FE003688B420BD38B42B1
:1053A00005D95E1A43184768C3E9006700E04368FF
:1053B000136002C004E0021D10680028ECD12046F2
:1053C000002802D1286808B10020F0BD064A07482D
:1053D0001060074A121A22F00702C0E900240120D7
:1053E0002860D7E70800002404000024644F00244C
:1053F000605F002410B500EE100A2DED028BB1EEB7
:10540000C08A18EE100A20F00040C0F1FF40C00F23
:105410000AD010EE100A20F00040C0F1FF40C00F8B
:1054200004BF0120FFF750FB18EE100ABDEC028B01
:1054300010BD0000000000006E83F9A22915444E43
:10544000D15727FCC0DD34F5999562DB4190433C90
:10545000AB6351FEF4010024000402581000000068
:10546000000402588000000048020024000802588E
:1054700000080000000C0258080000000008025854
:105480000200000000080258010000001C03002474
:10549000000000006F12833A0000003F1C0300244C
:1054A000040000006F12833A0000003FD002002485
:1054B0000400000017B7D13800000000D00200241B
:1054C0000000000017B7D13800000000475601085F
:1054D00000000000000000000000000000000000CC
:1054E0000004000030000000000000000000000088
:1054F000A0560108000000000000000000000000AD
:1055000000000000000400002F0000000000000068
:1055100000000000575601080000000000000000D5
:105520000000000000000000000800002E00000045
:105530000000000000000000000000000102030461
:1055400001020304060708090006101600061016DB
:105550008456010800000000000000000000000068
:105560000000000000020000080000000000000031
:10557000000000006E56010800000000000000005E
:105580000000000000000000000200000800000011
:105590000000000000000000645601080000000048
:1055A00000000000000000000000000000040000F7
:1055B0002C000000000000000000000090560108D0
:1055C00000000000000000000000000000000000DB
:1055D000000400002D00000000000000000000009A
:1055E0000804020408010101010101030701000090
:1055F000010002000400060008000A000C00100070
:1056000020004000800000017856010800000000E2
:105610000000000000000000000000000002000088
:10562000080000000000000000000000252E346685
:105630002C252E34662C252E34662C252E34662CF3
:10564000252E34660D0A00416E6756656C436F6EF9
:1056500074726F6C5461004174746974756465543C
:1056600061736B004D6F746F725461736B004C69A2
:105670006768745461736B0064656661756C74541B
:1056800061736B00446973706C61795461736B0072
:105690005370656564436F6E74726F6C5461730010
:1056A000416E676C65436F6E74726F6C546173000A
:1056B00049444C4500546D725100546D722053762C
:1056C00063000000E85601080000002438000000D4
:1056D000A84A01082057010838000024287F00004C
:1056E000B84A0108000000000000000000000000AF
:1056F00000000000000000000090D0030090D003E4
:105700005927010809270108E145000800000000A9
:105710000100000010000000AAAAAAAA00000000D0
:040000050800029954
:00000001FF
